"","Spot","shannonH","Abundance","Richness","max(maxH)","mean(maxH)","sd(maxH)","cv(maxH)","median(maxH)","iqr(maxH)","mean(sdH)","sd(sdH)","mean(cvH)","sd(cvH)","cover_ground_maxH","cover_grass_maxH","cover_shrub_maxH","cover_tree_maxH","cover_woody_maxH","mean(sdH)_grass","sd(sdH)_grass","mean(cvH)_grass","sd(cvH)_grass","mean(sdH)_shrub","sd(sdH)_shrub","mean(cvH)_shrub","sd(cvH)_shrub","mean(sdH)_tree","sd(sdH)_tree","mean(cvH)_tree","sd(cvH)_tree","mean(sdH)_woody","sd(sdH)_woody","mean(cvH)_woody","sd(cvH)_woody","mean(coverG)","sd(coverG)","cv(coverG)","median(coverG)","iqr(coverG)","max(coverG)","mean(nlayers)","sd(nlayers)","cv(nlayers)","median(nlayers)","iqr(nlayers)","max(nlayers)","propMultiLayer","mean(gapsize)","sd(gapsize)","cv(gapsize)","median(gapsize)","iqr(gapsize)","max(gapsize)","mean(maxpeakh)","sd(maxpeakh)","cv(maxpeakh)","median(maxpeakh)","iqr(maxpeakh)","max(maxpeakh)","mean(ptoh)","sd(ptoh)","cv(ptoh)","median(ptoh)","iqr(ptoh)","max(ptoh)","mean(cscore)","sd(cscore)","cv(cscore)","median(cscore)","iqr(cscore)","max(cscore)","mean(FHD)","sd(FHD)","cv(FHD)","median(FHD)","iqr(FHD)","max(FHD)","mean(VDR)","sd(VDR)","cv(VDR)","median(VDR)","iqr(VDR)","max(VDR)","mean(VDRpeak)","sd(VDRpeak)","cv(VDRpeak)","median(VDRpeak)","iqr(VDRpeak)","max(VDRpeak)","mean(meanpeakh)","sd(meanpeakh)","cv(meanpeakh)","median(meanpeakh)","iqr(meanpeakh)","max(meanpeakh)","mean(stdpeakh)","sd(stdpeakh)","cv(stdpeakh)","median(stdpeakh)","iqr(stdpeakh)","max(stdpeakh)","mean(cvpeakh)","sd(cvpeakh)","cv(cvpeakh)","median(cvpeakh)","iqr(cvpeakh)","max(cvpeakh)","mean(herbh)","sd(herbh)","cv(herbh)","median(herbh)","iqr(herbh)","max(herbh)","25thPerc_plot","50thPerc_plot","75thPerc_plot","98thPerc_plot","100thPerc_plot","meanH_plot","stdH_plot","Cover0p0m_plot","Cover0p05m_plot","Cover0p5m_plot","Cover1p0m_plot","Cover3p0m_plot","nlayers_plot","gapsize_plot","maxpeakh_plot","ptoh_plot","cscore_plot","FHD_plot","VDR_plot","VDRpeak_plot","meanpeakh_plot","stdpeakh_plot","cvpeakh_plot","herbh_plot","Treatment","Soil","Treatment_f","Soil_f","nlayers_plot_f","Transect_f"
"1","10A",3.24213886339926,165,41,1.98574432373047,0.206083035332075,0.389145535733169,1.88829485700321,0.0753298783302307,0.0543324001133442,0.0564749574286607,0.137484279673115,0.242588699586593,0.28130455285968,0.193523113084356,0.690345608078698,0.116131278836946,0,0.0975015234613041,0.011937851932786,0.0137291221429223,0.154116610852997,0.131238015049178,0.415337833700174,0.125515778297569,0.768513484936977,0.352171113674604,NA,NA,NA,NA,0.444582750551802,0.108248476070526,0.710731573652159,0.319770647113869,0.131136590876659,0.14776638307427,1.12681275368255,0.0804597701149425,0.170255183413078,1,0.205884913380343,0.404562017107434,1.96499107421272,0,0,2,8.70549316618787e-05,0.00012622965090972,0.0135283797956123,107.172757732551,0,0,1.45,0.0264559937320449,0.105655363958553,3.99362673837411,0,0,1.5,0.071753814041748,0.219361975020521,3.05714724645705,0,0,5.42589852452033,0.0731587881953513,0.028866635501786,0.394575090892775,0.0625,0.03125,0.1875,0.383768735076462,0.307581981143683,0.801477434274057,0.333560212104988,0.398720755591325,1.56982347928828,0.837387563923914,0.143680647261216,0.171582017038733,0.845517337322235,0.220106025536855,1,4.20765503032413e-05,0.00450945993187076,107.172757732551,0,0,0.483333333333333,0.0263928789065901,0.104989548302088,3.97794983539568,0,0,1.5,6.3114825454862e-05,0.00676418989780614,107.172757732551,0,0,0.725,9.3058720052353e-05,0.00997335965907209,107.172757732551,0,0,1.06896551724138,0.0786193562451405,0.246102301895656,3.1303016667841,0,0,2.91376194088029,0.0601321365684271,0.0782739594578743,0.174594484269619,1.41115076541901,2.04457783699036,0.30901307,0.44246218,0.641932692893101,0.137585172797656,0.0192746480957991,0.0132522980387425,0,1,0,0.05,0.0402991517366046,0.21875,0.595868448009135,0.99221,0,0.05,0,0,0.590397208525551,"Outside","Black","Outside","Black","1","10"
"2","10B",2.93380042095009,146,29,2.66756408691406,0.114440578435753,0.246548429918309,2.15437944554538,0.0520899314433336,0.0949859538426002,0.0289744652491193,0.0834483117786973,0.279125312449475,0.320699019823049,0.478064066852368,0.452211002785515,0.069724930362117,0,0.020107938718663,0.0194986488595117,0.0285923022474776,0.190867280876137,0.206415311401609,0.28909260419066,0.143424911762668,0.851535392378927,0.339667000205433,NA,NA,NA,NA,0.413061804166346,0.176603791692153,0.75055650122089,0.377615160623887,0.0692943950619399,0.123867398051258,1.78755291738296,0.0153846153846154,0.0857142857142857,1,0.0979282729805014,0.297217641353197,3.03505445676936,0,0,1,0,0,0,NA,0,0,0,0.0105675487465181,0.0675772664536316,6.39479107923657,0,0,2.5,0.0294266630905177,0.130443403363295,4.43283028599082,0,0,4.07341388466079,0.0610691591225627,0.0252597856359826,0.41362589560612,0.0625,0.03125,0.25,0.226641917590588,0.24362178086025,1.07491934170949,0.147403736655668,0.354829008566121,1.90306487042043,0.889091805536118,0.14341110555086,0.161300671829254,0.951479464769363,0.184680432081223,1,0,0,NA,0,0,0,0.0105675487465181,0.0675772664536316,6.39479107923657,0,0,2.5,0,0,NA,0,0,0,0,0,NA,0,0,0,0.0326828563997302,0.147317863684864,4.50749658729583,0,0,3.19783236069334,0.0613916972652078,0.084356527775526,0.165717635303736,1.42252775907516,2.74818634986877,0.22180916,0.3518691,0.563195465572877,0.0730022241439065,0.00630734909637844,0.00183466636158994,0,1,0,0.05,0.103523034951649,0.25,0.373104979193352,0.997297,0,0.05,0,0,0.485320222343287,"Outside","Black","Outside","Black","1","10"
"3","10C",3.15190726228338,133,32,3.57873426914215,0.138608392070932,0.3786301858794,2.73165412441723,0,0.0725528341035049,0.0390161245329969,0.117971539772341,0.322460949489371,0.390998297172234,0.603029511621833,0.302080612866719,0.0910594585183251,0.00374336206146078,0.0477061025507095,0.0150135460754729,0.025718064996157,0.158829159724023,0.204359966437902,0.34693962770085,0.135850155642003,0.863348350132138,0.380386922022166,0.770775603000508,0.285584334993637,0.369765354452688,0.198074229088642,0.453712376813493,0.178789728688381,0.670878243897106,0.370754495089581,0.0520011972825292,0.108528481049613,2.08703812067948,0,0.0526315789473684,1,0.0806999216505615,0.279004930827313,3.45731352795398,0,0,2,0.00182815356489945,0.00475319926873857,0.113214726260237,23.8186366401345,0,0,3.45,0.0202185078784713,0.197263368074747,9.75657398955701,0,0,3.5,0.0211972259063402,0.122667273005759,5.78694936534451,0,0,3.64501050350015,0.0599019543832158,0.0301458486248397,0.503253173210095,0.0625,0.03125,0.28125,0.210255793781065,0.274614750447018,1.30609837431147,0.124250837389631,0.306829153440971,1.87498862289297,0.873154310348545,0.158641083767136,0.1816873396683,0.941382706165314,0.218142330646515,1,0.00087159604853519,0.0204193316697399,23.4275174882408,0,0,0.492857142857143,0.017841908244102,0.169507747238169,9.50053911941865,0,0,3.5,0.00237659963436928,0.0566073631301186,23.8186366401345,0,0,1.725,0.00203093672804339,0.0481242317259879,23.6955839448287,0,0,1.8,0.0264496511193904,0.145802205442451,5.51244342635441,0,0,3.95714550606803,0.0619465708732605,0.0909989029169083,0.813856422901154,3.03688848495483,3.73856043815613,0.51608807,0.78769416,0.579225767403905,0.0512145102762691,0.0116691099601936,0.00761847249755808,0.00121633525582672,2,2.95,3,2.72886683843745,0.3125,0.367706656666411,0.9978854,0.491666666666667,1.525,1.475,1.03389830508475,0.467420114252073,"Outside","Black","Outside","Black","2","10"
"4","10D",3.19662597827972,202,40,3.50455558300018,0.199110764376754,0.406879603731414,2.04348371121474,0.0693575038015842,0.122059931146602,0.0534682894296041,0.132914464630859,0.303790356161534,0.361130394560406,0.318735852341982,0.55972488246561,0.12066864008358,0.00087062510882813,0.0661675082709385,0.0158523061090991,0.0206650429384975,0.17871624911854,0.176072503113232,0.365461633757058,0.17467157677098,0.884507142280737,0.427233080394625,0.569247202575207,0.273071216785059,0.226587217980618,0.13056454196188,0.447592213401865,0.18872384873481,0.737463066687891,0.436035005821068,0.105362583984489,0.162060176924545,1.5381188539226,0.0408163265306122,0.135431379472693,1,0.150444018805502,0.363064032247428,2.41328326064465,0,0,2,0.00200243775030471,0.00479714434964304,0.10988124489967,22.9055531563994,0,0,3.45,0.0388690579836322,0.235685323567277,6.06357179189997,0,0,3.5,0.0586455629419187,0.226446199932549,3.86126739301345,0,0,4.56867804006045,0.0700608349294794,0.0292961681656146,0.418153283430079,0.0625,0.03125,0.25,0.314799194623121,0.281702986143278,0.89486565072231,0.25409251585662,0.368577605992104,1.84947620561172,0.906810580971228,0.137864746064874,0.152032573238411,0.971858710050583,0.154006933172544,1,0.00094094881553526,0.0210760774554712,22.398750184389,0,0,0.492857142857143,0.0364704858088107,0.214531967620217,5.88234466480262,0,0,3,0.00239857217482152,0.054940622449835,22.9055531563995,0,0,1.725,0.00229134373108893,0.0519207887643605,22.6595373098762,0,0,1.66666666666667,0.0651205471233551,0.259055856053997,3.97809704459758,0,0,3.91001584315635,0.0633256528526545,0.0902765244245529,0.274210698902607,2.48908205509186,3.71278595924377,0.40597093,0.6509261,0.5574619376698,0.112417535500087,0.0200156420159676,0.0139977956486257,0.00051162655591198,1,0,0.05,0.0317521047461836,0.3125,0.552640846787052,0.9978011,0,0.05,0,0,0.510034745352418,"Outside","Black","Outside","Black","1","10"
"5","10E",3.66381961321139,196,51,3.88017773628235,0.674936421548964,1.05497360638038,1.56307108743553,0,1.52795147021612,0.165747576615273,0.287313377273283,0.33764278897861,0.285262432006535,0.602230159421552,0.0881609896332433,0.278857043296454,0.0307518076487499,0.29802247582542,0.00802844301909491,0.0219882097394893,0.0779650389686121,0.158580543579593,0.501070496971698,0.252089697361759,0.414340304911776,0.27974265673927,0.823130274291754,0.213596276248136,0.386609175686976,0.147613482005121,0.545750434135403,0.262360615288193,0.404704822951133,0.259074093039477,0.163244762709278,0.274916964411766,1.68407831191108,0,0.259816612729235,1,0.288352643958533,0.549457655647394,1.90550586984182,0,0,2,0.0483491593344368,0.10714347939716,0.489129968086969,4.56518652221344,0,0,3.45,0.390691697883091,0.847730961802016,2.16982077273546,0,0,3.5,0.157384729237886,0.326790737902669,2.07638148558064,0,0,2.21521331667114,0.081308803031623,0.0627313804392651,0.7715201564936,0.0625,0.09375,0.3125,0.427101346058196,0.582507192297141,1.3638617571057,0.116906849137531,0.844401533190043,2.05347388390812,0.828824381167232,0.265014053442054,0.319746932479032,0.995615124702454,0.275535802046458,1,0.0226493202908831,0.100952608615052,4.45720257025497,0,0,0.492857142857143,0.337119958184511,0.74488714814659,2.20956110744088,0,0,3.5,0.05357173969858,0.244564984043484,4.56518652221344,0,0,1.725,0.0561676248942145,0.257924904919534,4.59205646322605,0,0,5,0.279683924954013,0.702885913776313,2.51314377074723,0,0,4.43360265033031,1.02835938334465,1.63117974996567,2.14356446266174,3.03243769645691,3.92579340934753,1.5304613,0.8481939,0.521662002132375,0.169103171883325,0.143560562790345,0.132665543370653,0.00457298885588809,2,1.95,2,0.703311160791345,0.3125,1.01110292363476,0.99769765,0.4875,1.025,0.975,1.05128205128205,0.47518656398406,"Outside","Black","Outside","Black","2","10"
"6","1A",3.47638660815234,253,55,7.28966019630432,1.16676472899238,1.53731649796763,1.3175891075275,0.293031042814255,1.46428538123767,0.354781894075985,0.50782981988724,0.504808337087329,0.311265548221763,0.0429976499260162,0.527112890591,0.266254678388023,0.16363478109496,0.339368091217686,0.0404987884819914,0.0285823759061247,0.358188439218016,0.170080400205943,0.440854610733374,0.260071259633946,0.731696846863778,0.368612533931458,1.32034801263758,0.409519136325111,0.607935012667331,0.297849882619614,0.922105480417816,0.511571666123446,0.667337716163355,0.351905578553504,0.461572600984629,0.273712864044074,0.593000675213798,0.471698113207547,0.438829937810141,1,0.899469057359213,0.596570023221048,0.663246854730658,1,0,3,0.123509443815824,0.405148402820089,1.12963768205228,2.78820717097558,0,0,6.45,0.838858908521194,1.41622635774735,1.68827718626007,0.05,0.95,7.5,0.453853352111933,0.49844739253339,1.09825649676034,0.291591152650531,0.744033283249337,5.65108002632331,0.111797153799286,0.0748937250157461,0.669907260342296,0.0625,0.0625,0.53125,0.851191671777153,0.510054318806007,0.599223812588643,0.685314207276458,0.615929427296644,2.54049893924124,0.764670382552104,0.243368619790724,0.318266046840308,0.831633388996124,0.330856204032898,1,0.0547750208388219,0.147492112823855,2.69268930554782,0,0,0.7,0.631026779238112,0.998379583522974,1.58215089497215,0.05,0.95,6,0.205633176385326,0.573821792300098,2.79051173739028,0,0,3.225,0.16284492319244,0.459715790351952,2.82302807689428,0,0,5.66666666666667,0.725531924707697,0.88167374610784,1.21521013215656,0.4566804315084,0.943968037263189,5.78216309453792,0.112198328599334,0.581175595521927,2.34037345647812,5.30272515296936,7.33575105667114,1.3167168,1.5276196,0.650679841823991,0.480862929589519,0.216288606328868,0.1607510580565,0.0718920612576908,2,2.95,3,0.556470078211547,0.53125,1.74742139156105,0.9904543,0.491666666666667,1.525,1.475,1.03389830508475,0.998701812209438,"Inside","Black","Inside","Black","2","1"
"7","1B",3.40440225435337,152,40,6.05587572097778,0.827248054617902,0.985060418051652,1.19076788703558,0.323182577192783,1.0779760403807,0.241733044314823,0.310182935135101,0.483763863128431,0.319568881577294,0.0379526462395543,0.493210306406685,0.412865598885794,0.0559714484679666,0.333130222841226,0.0315701982137804,0.0286052935698788,0.304870915630819,0.18912252704274,0.398821217854431,0.197061259187098,0.687621537631443,0.328242875109217,1.09882338060005,0.282596765035989,0.556408482652037,0.22710228238649,0.579304336819643,0.315752257474786,0.631277087084938,0.314785656618415,0.403186660604823,0.295086112648762,0.731884611971291,0.34,0.513545190102381,1,0.676793175487465,0.537174227617945,0.793705148151119,1,1,3,0.0345577994428969,0.0909383704735376,0.501129181457444,5.51064615352074,0,0,5.45,0.441177750696379,0.817513904300731,1.85302613971426,0.05,0.5,5.5,0.300895463825023,0.368409648374845,1.22437754192626,0.17930305145654,0.501286510756391,6.99296075883297,0.103009662256267,0.0549026460786623,0.532985400360556,0.09375,0.0625,0.46875,0.779008208780185,0.46030018510719,0.590879762137493,0.674895273743828,0.633483053506738,2.39695106297378,0.805359347684511,0.239677950953196,0.297603736322542,0.904837220907211,0.289777353405952,1,0.0148914106243493,0.0797129650140027,5.35294922857489,0,0,0.495454545454545,0.395606284818942,0.690225184055736,1.74472754994687,0.05,0.5,5,0.0455392945548091,0.250988156921932,5.51146343779775,0,0,2.725,0.0482297115345451,0.271929213495676,5.63820941165911,0,0,4.33333333333333,0.657326083174522,0.919608768233986,1.39901457096116,0.170181775882,1.06597487641872,5.61598475517999,0.108164291828871,0.589892506599426,1.2132226228714,3.54463047981262,6.14732503890991,0.8756378,0.96534854,0.63571046247613,0.43974385537802,0.214917596885162,0.122083948443022,0.0178010584203119,1,0,0.05,0.0141739573801939,0.46875,1.49069144418597,0.99249995,0,0.05,0,0,1.14739218357906,"Inside","Black","Inside","Black","1","1"
"8","1C",3.37137257573225,154,41,6.81786212921143,0.337409613032621,0.887296728363455,2.62973162023593,0.0852310720831156,0.103227053129425,0.0865885829078222,0.250114858603296,0.283636842627939,0.261109120908553,0.214061956143404,0.658806126000696,0.0955447267664462,0.0315871910894535,0.0770971110337626,0.0206377338244257,0.0238522125364307,0.214246979701825,0.173087587585982,0.353655764938269,0.205200257082585,0.70576082435547,0.331145229979747,1.24108452366321,0.38872428615541,0.454045989395942,0.267173331361192,0.795746352834707,0.479015451379608,0.611916291663197,0.367265102854328,0.199689557971048,0.251730396666135,1.26060871296351,0.0952380952380952,0.262376439985136,1,0.330403759136791,0.513518683294364,1.55421561981007,0,1,2,0.0212321615036547,0.0792681865645667,0.559875827303426,7.0630583537746,0,0,6.45,0.204411764705882,0.790638002756972,3.86786936600533,0,0.05,6.5,0.159391374676691,0.352162153081492,2.20941787970533,0,0.207963565849428,6.86278101856193,0.075065806648103,0.0425532184778226,0.566878854407114,0.0625,0.03125,0.4375,0.425488111095822,0.370638620843315,0.871090428093878,0.357514976227616,0.448417992166189,2.53111995469612,0.89153367479089,0.193186612759286,0.216690202761661,1,0.159885769089063,1,0.00924255794578627,0.06352849752791,6.87347570884021,0,0,0.496153846153846,0.164777671423599,0.599530903971127,3.63842320862694,0,0.05,6,0.0396340932822833,0.279937913651713,7.0630583537746,0,0,3.225,0.0291572108708548,0.211145172808989,7.24161078863846,0,0,4.33333333333333,0.210285016574776,0.528910426153728,2.51520738266984,0,0.102820461736701,7.1535536577136,0.0743461102247238,0.152775593101978,0.965571030974388,5.47989200592041,6.99223184585571,0.9510473,1.507137,0.494531644787907,0.215476294392159,0.0686697508926376,0.0448726969994413,0.0251449924675768,2,2.95,3,0.613136089408508,0.5,0.923100487170237,0.9994833,0.491666666666667,1.525,1.475,1.03389830508475,0.680093889010515,"Inside","Black","Inside","Black","2","1"
"9","1D",3.61847997854032,207,50,8.71094985961914,0.489719602183469,1.01742254236193,2.07756140008617,0.176381966471672,0.162812097494801,0.136492888053362,0.329200886640554,0.403206221232514,0.236706831257126,0.0336990595611285,0.788923719958203,0.140195053988157,0.0371821664925113,0.114681295715778,0.0367009143196326,0.0243907691892043,0.340271030241018,0.147934655771843,0.369314565912167,0.208202344282767,0.716604651689942,0.321552750687839,1.49971332915773,0.669070248312903,0.55688621501821,0.35204859225653,0.811717478712581,0.635466018667072,0.655912568917329,0.360000878501163,0.410045016134269,0.250764554224969,0.611553718148001,0.393939393939394,0.387215540099625,1,0.763932427725531,0.491039600793599,0.642778841389911,1,1,3,0.0286485545106235,0.116435910832463,0.728274396410646,6.25472323103606,0,0,7.5,0.32389846743295,0.926813723813846,2.86143287789932,0.05,0.05,8,0.426632894832776,0.585516009235071,1.37241177679131,0.261659368026135,0.444703202742882,5.65260034546219,0.0793359238941135,0.0403875599735616,0.509070267177643,0.0625,0.03125,0.40625,0.654564163495647,0.324964685693286,0.496459635000239,0.646723852869403,0.182080959623391,2.30575997027417,0.794794582880551,0.190039941275759,0.2391057329392,0.819365561008453,0.250715792179108,1,0.0128903855490846,0.0759691152310252,5.89347114108779,0,0,0.571428571428571,0.264526732845698,0.647625455530226,2.44824199264576,0.05,0.05,8,0.0589179973056722,0.368347080310208,6.25186016420734,0,0,3.75,0.0376788351447334,0.247037841749503,6.55640867878671,0,0,9,0.472093035414777,0.607147719150491,1.28607641630861,0.26498784059247,0.687055345153625,5.49138355090564,0.0771093610674143,0.12325431779027,0.329689219594002,4.26153216361999,8.98176383972168,0.5159412,1.0376998,0.663221026737479,0.432603397935497,0.0785212198542426,0.0431670574982178,0.0142297169919763,3,5.95,7,1.70018956691297,0.625,1.14621834663067,0.99546224,0.142857142857143,4.35,3.0678439769106,1.41793390822325,0.940295316173478,"Inside","Black","Inside","Black","3","1"
"10","1E",3.48837646451284,158,44,8.16777860641479,0.964049484154115,1.8963580441753,1.96707542024071,0.0689944364130497,0.516486681451401,0.269226667605307,0.587368307445554,0.354400413643821,0.327118240358187,0.399581954363351,0.34950357080648,0.10834349416478,0.142570980665389,0.227834871973524,0.0203268060278722,0.0267019440996705,0.199281232914869,0.187414983510081,0.463803389732549,0.263137142036637,0.709312496186689,0.374570209807068,1.4860829004441,0.707789164198247,0.464957922246114,0.301638550589595,1.12855154475901,0.742803336639786,0.548739905604414,0.353806575235172,0.205134605481739,0.289321959868742,1.41040054743225,0.0411665019065104,0.333333333333333,1,0.418306915171573,0.669714098114215,1.60101130013479,0,1,4,0.0871799338094409,0.373171050339662,1.2845831878034,3.44234416532087,0,0,7.45,0.803688381815015,1.79900593080041,2.23843714990332,0,0.05,8,0.224700873464041,0.396664835864402,1.76530170866417,0,0.333096909693839,4.16032893378282,0.0853074377286187,0.0706433593055374,0.828103166458581,0.0625,0.0625,0.46875,0.466251624075311,0.558982811164295,1.1988865717581,0.233791658706459,0.677968990749933,2.48281536806828,0.846091863066587,0.286061804348981,0.338097808093999,1,0.158639416098595,1,0.0391201169014268,0.128619894117254,3.28781977930549,0,0,0.727272727272727,0.608075320791964,1.37181223173215,2.25599063935943,0,0.05,7.5,0.191636579592302,0.65658369001225,3.42619186487832,0,0,3.725,0.118245958827665,0.434089858156384,3.67107563302895,0,0,10,0.421142681510757,0.912388703240135,2.16645983248988,0,0.225492369276025,5.79035330636163,0.135166496038437,1.29842865467072,4.06717538833618,6.98896608352661,8.28260517120361,2.1676497,2.2151487,0.445483637517073,0.230173705548208,0.128768602845208,0.112095312921556,0.0721317043766987,4,2.95,7,1.03839519449889,0.59375,1.28689124293462,0.99996775,0.464285714285714,3.6375,2.51629067279597,1.44558021031736,0.627653607559582,"Inside","Black","Inside","Black","4","1"
"11","2A",3.21281850704983,146,39,5.63972913742065,0.310989725067576,0.645368103642107,2.07520715837757,0.0700077012181282,0.229150261580944,0.0843924512654847,0.195452926824075,0.375929383833189,0.316558033909637,0.412466266213981,0.416993122660399,0.157308261513015,0.0132323496126056,0.101854270044398,0.0305315402023537,0.0337975743289742,0.255892485166016,0.205694755697832,0.369378358462499,0.213427334604214,0.687533082672107,0.349003475147864,1.02436392352377,0.383403323539122,0.45427715234528,0.231410001358186,0.558653450861143,0.299318364718748,0.627745227911569,0.362912587847155,0.18134429821982,0.269789114060431,1.48771765480821,0.037037037037037,0.261904761904762,1,0.286758944894228,0.473132589499301,1.64993140727944,0,1,2,0.00966309741446853,0.0269260903630191,0.28416644198327,10.5535723215707,0,0,4.95,0.154709671802908,0.514704150689124,3.32690351347155,0,0.05,5,0.138855263772841,0.341660455714806,2.46055098259539,0,0.0689326388025166,6.25280120250611,0.0673097849743188,0.0396172833759251,0.588581339117939,0.0625,0.0625,0.375,0.353061937226904,0.398751230394094,1.12940871940502,0.206192050633232,0.588922117522882,2.2303698080545,0.910713682267525,0.198040860410134,0.217456775127223,1,0.0620208283265432,1,0.00436920583793135,0.0445480675857625,10.1959187180008,0,0,0.495,0.141246626621398,0.448184613663087,3.17306419546864,0,0.05,5,0.0134630451815095,0.142083220991635,10.5535723215707,0,0,2.475,0.0120969611082054,0.127069627354104,10.5042602201897,0,0,3,0.230072803691819,0.566450127138305,2.46204730871651,0,0.0857429554009238,5.70044204905641,0.0897553488612175,0.219009250402451,1.04433953762054,3.35769939422607,5.89901208877563,0.6931449,0.9067156,0.41886766329284,0.193742029536195,0.0655881472761652,0.0439314580469554,0.00554781533234739,1,0,0.05,0.0183795984008483,0.4375,0.827295781842867,1,0,0.05,0,0,0.650816591671279,"Inside","Black","Inside","Black","1","2"
"12","2B",3.63300371525686,178,52,5.46011434555054,1.11370898753981,1.15202839183949,1.03440701720863,0.69696524977684,1.92050607938319,0.297180925064247,0.335459646114601,0.447940560893712,0.311393390759213,0.161312788369461,0.302428832593366,0.450509271350222,0.0857491076869505,0.447201183947071,0.0347247889964815,0.0363418128770077,0.284276331845167,0.214284099637303,0.461777033175067,0.231069081757511,0.561505869788454,0.330443213934209,0.91714438838402,0.302328285332397,0.428518284938745,0.223970118982166,0.598091104427555,0.28189266848416,0.503600706081649,0.308546135246676,0.414748699417409,0.342389078515377,0.82553382083253,0.394230769230769,0.691419691419692,1,0.672064072429703,0.612801634462877,0.91182025583874,1,1,2,0.0775659441107339,0.201588752502829,0.712517481730302,3.53451009981473,0,0,4.95,0.749612605554105,1.06237625936055,1.41723371710813,0.05,1.5,5.5,0.371718502602187,0.422022719290811,1.13532879406452,0.167895395220092,0.787742789330073,3.78736233260772,0.112056019848524,0.0617206246712838,0.550801507627317,0.09375,0.09375,0.375,0.777775289218846,0.552346431542823,0.710161969914946,0.691192782003201,1.00253185805497,2.13283266799446,0.74526770579039,0.306306839196163,0.411002431497164,0.9230135679245,0.547044063607852,1.05326366424561,0.0356542785803037,0.123632207452414,3.46752794826458,0,0,0.495,0.64881822930269,0.902359702301509,1.39077427474766,0.05,1.025,4.5,0.100794376251415,0.356258740865151,3.53451009981473,0,0,2.475,0.0932959108577186,0.330790374474577,3.54560421173283,0,0,3,0.70679929374839,0.94422917341903,1.33592263287569,0.18427271516005,1.18593373110204,5.44232358388719,0.212614551186562,1.16928231716156,2.07255792617798,3.36377956390381,5.56045246124268,1.2707735,1.0277636,0.593392613328983,0.434665916721789,0.282194962774679,0.227903531896978,0.0258244384716013,1,0,0.05,0.0149078991063487,0.4375,1.61694061174457,0.99208206,0,0.05,0,0,0.894676381979918,"Inside","Black","Inside","Black","1","2"
"13","2C",3.14698297012525,240,46,2.66370453834534,0.0591091608451156,0.14361962328641,2.42973544596138,0,0.0780423159028093,0.0114929133051888,0.0444817856489324,0.19866846898447,0.201702196935752,0.587497823437228,0.400139300017412,0.0123628765453596,0,0.00531081316385164,0.0188148282081724,0.0232588093083447,0.183592586360488,0.174005611210099,0.320666561821397,0.197323023386915,0.686617458701506,0.363359647955388,NA,NA,NA,NA,0.476783305650852,0.189248678005084,0.6741029276538,0.391774134751017,0.0584552084382933,0.127551616809173,2.18204023588111,0,0.0512820512820513,1,0.0759185094898137,0.264867682827971,3.48884197816752,0,0,1,0,0,0,NA,0,0,0,0.00949851993731499,0.0718942910729134,7.56899933330416,0,0,2,0.0296030613264517,0.160396499353167,5.41824028212398,0,0,6.66374308318371,0.0478816602820825,0.0330066066369355,0.689337137486159,0.0625,0.03125,0.21875,0.180874750646463,0.238445074860914,1.3182883404604,0.0926723644610774,0.278769371768587,1.71617732242548,0.763668339694966,0.41469153631611,0.54302570207605,1,0.182467957337697,1,0,0,NA,0,0,0,0.00949851993731499,0.0718942910729134,7.56899933330416,0,0,2,0,0,NA,0,0,0,0,0,NA,0,0,0,0.0293206606857243,0.160473036122601,5.47303615844962,0,0,3.32283656227028,0.0646834596991539,0.0888526141643524,0.141480684280396,1.3604377746582,2.76972389221191,0.16194348,0.25743276,0.235208135306313,0.0577353602529483,0.00248458815313285,0.00135069502687685,0,1,0,0.05,0.282493051504638,0.25,0.327664289827514,1,0,0.05,0,0,0.473503123853785,"Inside","Black","Inside","Black","1","2"
"14","2D",3.04419983980112,181,38,5.48912271499634,0.224020878800294,0.535366595397182,2.38980669241298,0.131558220088482,0.146710043493658,0.056291263209682,0.165698219245826,0.329607974439328,0.218324225162616,0.213887922032718,0.729115906717717,0.0430734423947094,0.0139227288548555,0.032457361642882,0.0337556503341725,0.0254800297695595,0.300513849974225,0.173769762507284,0.34776280681518,0.210511256045947,0.751820107000179,0.341012049576482,1.19948758301325,0.394862917564831,0.547012119911056,0.327298173433715,0.802171354149606,0.463685865489036,0.597516672206768,0.351462833322004,0.190579308473473,0.195789780114883,1.02734017498093,0.129032258064516,0.288905982583309,1,0.329707622694048,0.485406398319064,1.47223286605508,0,1,3,0.00678733031674208,0.020109641489732,0.25321164733127,12.5915545267458,0,0,4.95,0.082457361642882,0.441440562966716,5.35356157620673,0,0.05,5,0.113619760787378,0.271936713710923,2.39339276747652,0,0.190722294674879,4.39931078264349,0.0706197789766794,0.0387610067951765,0.548868990484613,0.0625,0.03125,0.40625,0.449193348550333,0.346956177575122,0.772398297291896,0.46341355882643,0.543836108864731,2.44520846407582,0.865010114233835,0.287948444896125,0.332884483265458,1,0.117914800842603,1.16934490203857,0.00281923518914469,0.0347845014292251,12.3382758427395,0,0,0.5,0.0721719457013575,0.366357035966446,5.07616958925295,0,0.05,5,0.0101943467748482,0.128161333978981,12.571804433334,0,0,2.475,0.0105627651500885,0.142768402551487,13.5161958561855,0,0,6,0.133107676846123,0.348241375213202,2.61623809733965,0,0.105640731356782,5.80166852848962,0.0739994794130325,0.109627321362495,0.177717357873917,3.56261403083801,5.55857467651367,0.3490899,0.7699737,0.35880367952343,0.198065108179336,0.0144022687457316,0.0107248902322659,0.00360708890287914,2,3.45,3.5,1.66085158073858,0.4375,0.732433916484072,1,0.492857142857143,1.775,1.725,1.02898550724638,0.680280147089517,"Inside","Black","Inside","Black","2","2"
"15","2E",3.44078014218631,175,42,1.57183822154999,0.035585324814266,0.0950538007106351,2.67115169544633,0,0.0570740392059088,0.00596464704403439,0.0271275655895565,0.152612535589521,0.195060648070099,0.705406111256203,0.284843736397667,0.0097501523461304,0,0.00156698876991381,0.013324765828661,0.0217569896839478,0.135167815585882,0.162617707259994,0.222475596459325,0.103022660312313,0.66224756998155,0.329297649892452,NA,NA,NA,NA,0.242345851671416,0.159575351875036,0.305021121646006,0.25486006100122,0.026285673343531,0.07081040443266,2.69387827761645,0,0.0212765957446809,1,0.0251588752502829,0.156607491029081,6.22474134758149,0,0,1,0,0,0,NA,0,0,0,0.00250282928527901,0.0334340044064835,13.3584837779922,0,0,1.5,0.00934802259409375,0.0874757044899993,9.35766934766161,0,0,2.93673806417417,0.0333121136937407,0.0319374915647484,0.958735067320252,0.03125,0.0625,0.1875,0.0944787294209696,0.163594090609815,1.73154414345358,0,0.138361107640013,1.36199623751396,0.598209576173557,0.488628047388037,0.816817494821034,1,1,1,0,0,NA,0,0,0,0.00250282928527901,0.0334340044064835,13.3584837779922,0,0,1.5,0,0,NA,0,0,0,0,0,NA,0,0,0,0.00701938739064851,0.0771631540859805,10.9928615976916,0,0,3.18554133543964,0.0603913739323616,0.0758964866399765,0.109976127743721,0.631800343990325,1.57654845714569,0.1149908,0.13573614,0.127518204102883,0.0260289747131091,0.00064988828067942,0.00014010108971531,0,1,0,0.05,0.571680796896074,0.1875,0.170395610466945,1,0,0.05,0,0,0.463095143782973,"Inside","Black","Inside","Black","1","2"
"16","3A",3.46496666523779,171,46,7.10788130760193,1.04525888465945,1.46589636022462,1.4024242048918,0.261113124191761,1.27162165338794,0.303359591972296,0.460689848723024,0.511102353855606,0.321136873500105,0.0075744384468048,0.637819954727494,0.22801671600209,0.126588890823611,0.290701723837715,0.0457895632163115,0.0281494711001662,0.398121904537114,0.163146885911523,0.489349990490712,0.268572135614844,0.799158151855359,0.437724941871915,1.28426843753502,0.42235992930226,0.561498940338355,0.336092786556796,0.897165258774017,0.474068078790656,0.677505720376921,0.419393707517271,0.463372556608476,0.247702727980144,0.53456495091797,0.434782608695652,0.394260082601227,1,0.928260491032561,0.52109318018824,0.561365247387181,1,0,3,0.0972488246561031,0.320011318126415,1.02743545779339,3.21062224864033,0,0,6.45,0.719262580532822,1.31787413614896,1.83225733107469,0.05,0.45,6.5,0.448231582323668,0.507542535626559,1.13232212017595,0.281688530080588,0.617650430849333,7.50224579298102,0.107671839630855,0.0745166639717244,0.692071986762735,0.0625,0.0625,0.53125,0.840678839770801,0.464564768497079,0.552606710814484,0.677574959629071,0.440527986342487,2.55894253057824,0.741445194444149,0.221287555410251,0.298454365971239,0.803640723228455,0.256840005517006,1,0.0438115800198988,0.135072156675976,3.08302409122491,0,0,0.666666666666667,0.556436821637936,0.968443414144218,1.74043732636796,0.05,0.45,6.5,0.161613637036825,0.518823786125985,3.21027232378768,0,0,3.225,0.126382794170237,0.422118419032218,3.3399991019634,0,0,7,0.621691398614343,0.784131214079983,1.26128689543991,0.3332147579505,0.753747839547054,6.02273040179732,0.090487252920866,0.233578220009804,2.02011448144913,5.10995407104492,7.17106676101685,1.1532933,1.4838076,0.71583402973769,0.492734321484105,0.178441575886251,0.150884037023921,0.0600097100082957,2,2.45,2.5,0.481968557093082,0.53125,1.60922161792954,0.99174696,0.49,1.275,1.225,1.04081632653061,0.951586912871279,"Inside","Black","Inside","Black","2","3"
"17","3B",3.3496073903256,179,42,10.563342590332,0.81451477544314,2.13806600957626,2.62495669082618,0.170185834169388,0.126984112709761,0.261996578886167,0.765693136033116,0.375149889168598,0.282017509075292,0.0254156149360258,0.815562712159457,0.0902602489337627,0.0687614239707546,0.111062755679345,0.0340621724958315,0.0269722033747003,0.308560663221692,0.197698020567615,0.365259301962767,0.204283075934655,0.810936738835631,0.365002019950512,2.92676233215423,0.840482630564377,0.592909489191124,0.373517841697026,2.01479754531552,1.3418471730696,0.661685724411748,0.388040828272961,0.261390672560432,0.220045889590152,0.841827626956652,0.19047619047619,0.248106060606061,1,0.50047871877448,0.620973222991076,1.24075849720773,0,1,4,0.0512664287579424,0.376764731482287,1.68839110848571,4.48128757127334,0,0,9.95,0.616655061363043,2.07019077344454,3.35712929829624,0,0.05,10,0.201060948385598,0.340874800465731,1.69538044658974,0,0.271687229067752,7.47082216615207,0.081610671076682,0.0519423180956544,0.636464783469909,0.0625,0,0.6875,0.563378338478906,0.378482443373289,0.671808654189959,0.494917678512226,0.306649678058361,2.88782972313362,0.841058692357353,0.199680456205073,0.237415602525195,0.879304468631744,0.19964063167572,1,0.0237631508893849,0.104207881392099,4.38527204902986,0,0,0.85,0.419020729973598,1.39524508937294,3.32977580717988,0,0.05,10,0.194352849770131,0.864138627934582,4.44623595155222,0,0,4.975,0.0627795587414096,0.324241375513973,5.16476034579234,0,0,9.66666666666667,0.27883824498086,0.83771671810776,3.00431068257966,0,0.172748839106306,7.70789354049559,0.0744804851710796,0.156298488378525,1.14778536558151,9.38267280578613,10.7104740142822,1.6740805,2.9994977,0.586018804179694,0.267894583352518,0.0593192907416777,0.0506403073884763,0.0333553903552835,3,7.95,9.5,1.03791928212995,0.75,1.03242832750929,0.99769163,0.157894736842105,5.85,4.14668542332307,1.41076532285199,0.76511392303075,"Inside","Black","Inside","Black","3","3"
"18","3C",3.46955043302486,187,42,7.81433292388916,0.45563600515403,0.784261587091131,1.72124585901855,0.183189597576857,0.115699605941773,0.111397189825493,0.229280016219169,0.356518856674297,0.252022450514502,0.0114012184508268,0.831853785900783,0.134812880765883,0.0219321148825065,0.112358572671889,0.0402170544072619,0.0265033874406509,0.30721917818511,0.188377790446662,0.402568442638773,0.223374759309392,0.645962678508211,0.348117685581529,1.07928804532876,0.637965479659941,0.447224598654121,0.395917140346859,0.623032398775832,0.398935321949843,0.585286013030557,0.394167294527198,0.343880317584493,0.244999419882139,0.712455489174492,0.25974025974026,0.306951871657754,1,0.624456048738033,0.52047108693266,0.833479134335368,1,1,3,0.0164490861618799,0.0537946040034813,0.443595715552879,8.24610058518457,0,0,7.45,0.247219321148825,0.707186082076892,2.86056154021703,0.05,0.05,7.5,0.273401958162109,0.415278976060136,1.51893197419568,0.189717793624954,0.303815122118957,4.45926487930245,0.0770316579634465,0.0377246535025833,0.489729216531788,0.0625,0,0.4375,0.613000391782476,0.299352924107746,0.488340510252026,0.567656697104666,0.224903373584598,2.42855057150309,0.815703396091612,0.185779262768196,0.227753450161351,0.85064110159874,0.149689331650734,1,0.00769213817320867,0.0598712063631363,7.78342835437677,0,0,0.733333333333333,0.219128952712504,0.574832332743211,2.62326053051232,0.05,0.05,6,0.0275832362952503,0.228685609456926,8.29074612598321,0,0,3.725,0.019372836738932,0.154540103603856,7.97715407848814,0,0,3.66666666666667,0.33203970160454,0.58123427491816,1.75049631748679,0.084103784382547,0.446116384607608,4.39309553827536,0.109412468969822,0.160675853490829,0.458790183067322,3.47051233291626,7.96762084960938,0.579082,0.93844485,0.646416298920457,0.35322060988509,0.0754585490407362,0.0606646100508684,0.00926137820888227,3,5.95,8,2.56880154233859,0.5625,1.05481548549974,0.9959324,0.25,4.68333333333333,3.37647087290199,1.38704982498727,0.856751693355999,"Inside","Black","Inside","Black","3","3"
"19","3D",3.45079870189673,155,42,10.0113028717041,0.952848436695193,2.09339713682878,2.196988583084,0.155345871150494,0.137046430706978,0.253522488536112,0.625209050890892,0.330228570375316,0.294545479372711,0.0100966141526678,0.805204978675255,0.072504134389416,0.112194272782662,0.151536252067195,0.0275739683115768,0.0216445595254221,0.248081753320053,0.142335947119303,0.41883753486076,0.284919695498813,0.957861276973934,0.434025964021237,1.79111049139021,0.821077746258385,0.514186801548001,0.401860205756307,1.48431194105251,0.885980304230444,0.625392417262098,0.469596037348524,0.70843553527888,0.226265660704727,0.319387791036846,0.782608695652174,0.240853658536585,1,1.03838454173557,0.46254737646183,0.445449019963953,1,0,4,0.0877360953955958,0.416837844895117,1.44069795692586,3.45625517109264,0,0,9.45,1.03163895900426,1.90564597265727,1.84720241129377,0.5,0,10,2.04910813990737,1.47524759146968,0.719946186703632,2.25597428139061,2.83688176928192,8.71880947714645,0.0925205631473584,0.0746191277558205,0.806513981513212,0.0625,0,0.59375,0.651190379019251,0.451422855178013,0.693227157099425,0.533163840737299,0.29023363747292,2.60319860109672,0.490385517274483,0.256029181393409,0.522097762626425,0.44210085272789,0.377287079890569,1,0.0386377400129419,0.127518219448264,3.30035399082739,0,0,0.736842105263158,0.794899831723098,1.2536002900392,1.57705441617943,0.5,0,10,0.223993082792982,0.771249112385009,3.44318272139596,0,0,4.725,0.12707016240501,0.463867962110728,3.65048689111016,0,0,11,0.960090156573636,0.655073836530017,0.682304502389484,1.01459413268107,0.410429865716073,7.91322298802898,0.0890321955084801,0.115001820027828,0.17342646420002,8.66083564758301,10.1176662445068,1.0401212,2.1916113,0.820413705544948,0.728013130491893,0.104332587076925,0.0982035531762898,0.0738983099753393,5,3,9.5,1.04702048758355,0.71875,1.38438858933588,0.99028856,0.368421052631579,5.3,3.20312347560939,1.65463493379433,0.995704653103725,"Inside","Black","Inside","Black","5","3"
"20","3E",3.3206423375774,187,41,7.36115911483765,0.379370636587936,0.977858385996534,2.57758058133176,0.142517590522766,0.0655098170042038,0.0964370846864355,0.292970630014271,0.333299549462895,0.2081499267327,0.00583065007397093,0.926899312505439,0.0274127578104604,0.0398572796101297,0.0509094073622835,0.0317737788143072,0.0218568449058499,0.306763274370622,0.13282636451083,0.422577790371955,0.345821032901113,0.93846668278993,0.559382020633214,1.39000877295519,0.463715809619124,0.534195224156741,0.382860085963677,1.25644953640608,0.500344343850021,0.670270587061645,0.522321558457784,0.575708727909349,0.229365207853833,0.39840495155729,0.618181818181818,0.346447512007284,1,0.939778957444957,0.356976912076923,0.37985199524733,1,0,3,0.0324601862327039,0.126655643547124,0.718321670137661,5.67145410990234,0,0,6.45,0.428204681924985,0.882155100292404,2.06012483639061,0.05,0.45,6.5,1.55445383757361,1.53246213679618,0.985852458113676,0.593941832365023,2.93197574290398,6.41835510392202,0.0741341049517013,0.0445154316987045,0.600471695553706,0.0625,0,0.5,0.632145883549785,0.274636184210488,0.434450640836703,0.622486920657049,0.162552905481722,2.38126679274221,0.62066657254256,0.217390082936059,0.350252603496143,0.60886538028717,0.294745787978172,1.35212576389313,0.0149681131871542,0.0824185496015699,5.50627514443855,0,0,0.692307692307692,0.363008731471006,0.601365698943644,1.65661497040788,0.05,0.45,6.5,0.0643120715719042,0.36443963313263,5.66673758479646,0,0,3.225,0.0400414275073787,0.230083448302709,5.74613500630841,0,0,3.8,0.656610743848709,0.438103061646982,0.667218844271494,0.708844522926438,0.664733902029688,4.85750295568754,0.0686941891908646,0.0897154808044434,0.13161038979888,4.9485373210907,7.5217490196228,0.3925221,1.0735046,0.742440675050158,0.595096610102502,0.0341471551690067,0.0316354203719334,0.0245595237264928,3,3,5,0.970888647737894,0.5625,0.985867485058226,0.9915683,0.3,3,1.87082869338697,1.60356745147455,0.968445176395545,"Inside","Black","Inside","Black","3","3"
"21","4A",3.30381101794818,212,47,7.32338015556335,1.33676642249628,1.85913266983165,1.39076852810225,0.270139363408089,1.91135589949787,0.415362267683283,0.629078306531668,0.472906140409479,0.362236382238553,0.0587774294670846,0.528213166144201,0.205067920585162,0.207854406130268,0.311912225705329,0.0355603978923241,0.0343268429755347,0.30096339130586,0.199740106160241,0.404615804291629,0.271574712437867,0.76584230317219,0.395293556136849,1.50859879643298,0.466217599350773,0.620849187228232,0.396101020705304,1.20679983282165,0.589161152817076,0.692125018501921,0.433329736919905,0.4203348312687,0.306573076757079,0.729354443056139,0.384615384615385,0.555033251772382,1,0.814959944270289,0.683295095495529,0.838440097945364,1,1,3,0.150557297109021,0.599860675722745,1.46822818037416,2.44761532101627,0,0,6.45,1.06972309299896,1.75940047991194,1.64472515497397,0.05,1,6.5,0.442583854273351,0.511829829057884,1.15645842955167,0.283640070692684,0.849693476409706,5.2620366912324,0.110297479101358,0.0724375216770902,0.656746847410024,0.09375,0.0625,0.4375,0.780859491417407,0.526004701442662,0.673622728831616,0.658109987543114,0.636606414592913,2.40225797089123,0.753663897138862,0.258959470646762,0.343600737185171,0.843779504299164,0.337342098355293,1,0.0704250005615373,0.168103441772494,2.38698530965016,0,0,0.6,0.765756704980843,1.25205860389674,1.63506058223553,0.05,1,6.5,0.30235870137255,0.739141057947934,2.44458338586792,0,0,3.225,0.175287787188996,0.429176965765057,2.44841339289837,0,0,5,0.614331358397985,0.847655876420887,1.37980238975811,0.209058232618804,0.944902310344816,5.29743784074638,0.103931257501245,0.362735882401466,3.12003242969513,5.29022607803345,7.32580375671387,1.5257269,1.7935659,0.705028614216577,0.432828530486522,0.175334500126639,0.147009720693211,0.0972690188599258,3,2.5,4.5,0.851474619437537,0.53125,1.60545232596967,0.9934998,0.555555555555556,2.18333333333333,1.82132430451642,1.19876143305134,0.895689729744471,"Inside","Red","Inside","Red","3","4"
"22","4B",3.53899833747212,163,49,7.17028891563416,0.999101661921334,1.62659895431879,1.62806150396221,0.185984777510166,0.705086842551828,0.295875444758797,0.523787842756055,0.444488799120211,0.3506967930797,0.0504267549207455,0.619317192126807,0.186901236718342,0.143354816234106,0.225309179585438,0.033725056552644,0.0317660396506362,0.29984088355212,0.187913111873038,0.376639429328812,0.26580993560133,0.798045538730374,0.408040047253579,1.42719001472358,0.4486274672294,0.60843689413922,0.405953956256782,1.12817277778466,0.554774535409924,0.721359638137761,0.469740030255349,0.401904334160239,0.297750264886909,0.740848603957069,0.342857142857143,0.513285024154589,1,0.7411600766417,0.636431529801117,0.858696454192294,1,1,3,0.0980665389304999,0.368711896882076,1.15962108609346,3.14506012933001,0,0,6.45,0.765506880334437,1.51337060406898,1.97695232132703,0.05,0.5,7,0.418163830950585,0.529473834877841,1.26618754585786,0.255506818537443,0.750372327719957,4.85827116750048,0.10290291325553,0.0678867154966324,0.659716166908267,0.09375,0.03125,0.5,0.72346161386934,0.466400124519547,0.644678467493343,0.640906737621696,0.392341600256801,2.46184933672075,0.765886599952321,0.227425402554279,0.296943963464613,0.82679557800293,0.271235053737958,1.04971420764923,0.0450261970963049,0.137722767392869,3.05872528160214,0,0,0.636363636363636,0.576645328920629,1.125780257088,1.95229233746721,0.05,0.5,6.5,0.18682249107106,0.586312409660838,3.13833953449334,0,0,3.225,0.121530781946477,0.391642718506285,3.22258042146694,0,0,5,0.544718670875062,0.76868699502128,1.41116329606698,0.170181775882,0.871699620028347,5.75323930606436,0.0892084687948227,0.222148343920708,2.21361589431763,5.46024568557739,7.4194483757019,1.2625269,1.7292652,0.716140246771213,0.421218437581526,0.135660993449475,0.107288043688519,0.0697898688271279,3,2.45,4.5,0.829899882617405,0.53125,1.48177620826564,0.9942374,0.444444444444444,2.35,1.81979852364669,1.29135174551677,0.896030762262805,"Inside","Red","Inside","Red","3","4"
"23","4C",3.59810756489857,152,50,8.47240493774414,0.868994786666018,1.60986878379211,1.85256437494698,0.139004759937525,0.717672042455524,0.244940389594485,0.504453317020775,0.420867230256953,0.343081337781265,0.232303003918154,0.467653461036134,0.204266434479756,0.095690030474532,0.225076186329996,0.0325093970761134,0.0331838848416644,0.278366083149962,0.200223764498863,0.415049078066826,0.259169966687909,0.699236493508597,0.373850925969514,1.51463359896495,0.685760659420825,0.523068658394617,0.418129780253132,0.952233663570799,0.685742778762378,0.613278866210641,0.42418136906964,0.292098155332922,0.300836925731717,1.02991723925417,0.181818181818182,0.502125075895568,1,0.53365259033522,0.625272654421284,1.17168484843016,0,1,3,0.0564214192424902,0.223343491510666,0.983322914329981,4.40273816657434,0,0,7.95,0.641497605572486,1.55479603308606,2.42369732884432,0,0.5,8,0.301322203415053,0.480402099933232,1.59431364329799,0,0.459170229683765,4.44518908270636,0.0890427731824118,0.0555809078182683,0.624204591027348,0.0625,0.03125,0.4375,0.570206720758902,0.47572086055098,0.834295428713698,0.516545515888751,0.5881680341558,2.41479837817322,0.810902543746391,0.222717289893513,0.274653583973918,0.87952584028244,0.271213471889496,1,0.0250054488314837,0.104807227944438,4.19137559380568,0,0,0.6875,0.520163982005514,1.24447676662998,2.39247008574459,0,0.5,8,0.117031766106516,0.512968145782998,4.38315307756804,0,0,3.975,0.0833062720778069,0.404180000167056,4.85173553066398,0,0,11,0.48611019644441,0.877865171014814,1.80589746406441,0,0.650461197794097,6.02241276581448,0.0956171005964279,0.285668149590492,2.02667278051376,6.29509502410889,8.52820205688477,1.3546691,1.8758868,0.652998724346232,0.304951600195094,0.110799909953854,0.0876496079240604,0.0400717867907309,3,5.45,7.5,1.23806254948821,0.625,1.30712239886384,0.99758446,0.266666666666667,4.35,3.14827995366782,1.38170685708307,0.776789348873604,"Inside","Red","Inside","Red","3","4"
"24","4D",3.57833611556719,141,49,5.49935094833374,0.399487398554602,0.735246689112202,1.84047529852611,0.117290729284287,0.316674072369933,0.108744958739182,0.225584216721706,0.371548238014839,0.308115609400167,0.157821350762527,0.637995642701525,0.17917211328976,0.0250108932461874,0.103267973856209,0.031426604544663,0.0347828730733636,0.26466704845794,0.204896237881578,0.348914469432825,0.230817242211095,0.732540900248827,0.334136529714441,1.04671108190502,0.31938980139665,0.511883691648911,0.285175837813387,0.660523096503462,0.336313488035507,0.713034756224813,0.392474017019584,0.268215212879096,0.281779858407041,1.05057373659882,0.16,0.394781144781145,1,0.442527233115468,0.531602314235169,1.20128723037585,0,1,3,0.0172549019607843,0.0473159041394335,0.367747939849292,7.77218456537549,0,0,4.45,0.200949891067538,0.593484936656453,2.95339765303474,0,0.05,5,0.208658789482692,0.368208083589113,1.76464209584449,0,0.302803486932971,6.97506416523252,0.0769635076252723,0.0397141563981349,0.516012817288671,0.0625,0.03125,0.40625,0.49201741316524,0.377108215784287,0.766452986609313,0.459693019968502,0.470333909860268,2.15642665509786,0.884574217970335,0.196032780859385,0.22161258702428,1,0.163810431957245,1,0.0075114033267628,0.0574325846460851,7.64605256137096,0,0,0.666666666666667,0.176975308641975,0.486292404782141,2.74779803190467,0,0.05,5,0.0237752534328312,0.18484720239153,7.77477316545759,0,0,2.225,0.0240628127666735,0.19690803472068,8.18308468881052,0,0,7,0.305569791972749,0.576950509379541,1.88811369623537,0,0.373474864226564,5.06940645782714,0.0844707116484642,0.178100056946278,0.574266090989113,3.74938927173614,5.68110322952271,0.6144067,0.9524837,0.5197285260814,0.288728383948452,0.0655692424314204,0.0393485573506421,0.0119788063991409,1,0,0.05,0.0144658952120369,0.4375,1.00431286054454,0.99793017,0,0.05,0,0,0.806062756565338,"Inside","Red","Inside","Red","1","4"
"25","4E",3.29482186397153,105,36,6.11123815536499,0.669937425611911,1.00798989604592,1.50460305322581,0.220627688765526,0.656505615413189,0.184296625816191,0.311158488517079,0.447626622620115,0.310402701280506,0.111972137570744,0.542969090117545,0.293426208097519,0.0516325642141924,0.192773182411842,0.0393700946014115,0.0376616669261085,0.316661414734946,0.216718226850262,0.356964496050295,0.230791466502085,0.677733125718112,0.317451390038059,1.12675292727665,0.453163885854868,0.517171514579083,0.323108583503232,0.686429502935693,0.405598394824886,0.625489795819907,0.370172390734682,0.358090924513218,0.317889448808292,0.887733888370462,0.264705882352941,0.554883040935673,1,0.580670439703962,0.560684701571905,0.965581616067376,1,1,3,0.0338702655637788,0.106504135829343,0.586403717650493,5.5059243764028,0,0,5.45,0.398972572921202,0.877177016944813,2.19858976902169,0.05,0.5,5.5,0.285919982699768,0.404137304772329,1.41346295895903,0.0707433995322571,0.507979389517255,5.70261889834517,0.0903678711362647,0.0499360786394641,0.552586644031551,0.0625,0.03125,0.40625,0.619242458327741,0.437118963392078,0.705893075504727,0.579915171418101,0.518198443444448,2.40930162206063,0.83907487942737,0.229740465530829,0.273802101771437,0.950763702392578,0.231363991896312,1,0.0154534718136539,0.0830051832418149,5.37129677024912,0,0,0.555555555555556,0.34498186039762,0.710874143909158,2.06061310901917,0.05,0.5,5,0.053699450992141,0.295402741592703,5.50103839303563,0,0,2.725,0.0414927446047473,0.227817623091613,5.4905411840495,0,0,3,0.478305776480789,0.736967465795615,1.54078729974363,0.0845627109983711,0.754396117243048,5.75134251151809,0.10529026389122,0.289589986205101,1.0863002538681,3.94042811870575,6.20028209686279,0.78926164,1.0323061,0.586482511889508,0.375305945183568,0.129297637578586,0.0822332493399496,0.0162531497518897,1,0,0.05,0.0132251362768857,0.46875,1.27340651557756,0.995901,0,0.05,0,0,0.890935187570014,"Inside","Red","Inside","Red","1","4"
"26","5A",3.29581580005604,171,45,8.86502124786377,1.10043835145047,1.63407712021736,1.48493290702156,0.196856225132942,1.4465986174345,0.325485085981203,0.533013017713358,0.444689215799559,0.366309710778827,0.0794079233783195,0.54140182847192,0.227775359164127,0.151414888985633,0.296473661297344,0.0306105832393054,0.0314455344151195,0.274493480771075,0.192032503322277,0.466875709215925,0.294749460801071,0.767316413928155,0.412624357045386,1.33784516998462,0.566290936447498,0.567911947313479,0.390518507620999,0.985831617461121,0.572604843731524,0.686791040117793,0.442324618283155,0.392020580307639,0.306166569622277,0.780996164492212,0.333333333333333,0.53762185365959,1,0.721027427078798,0.650519492105422,0.902211854465738,1,1,3,0.101959077057031,0.358611232041794,1.12163387374234,3.1277154018746,0,0,7.45,0.822764475402699,1.53576363322199,1.86658962453418,0.05,0.5,8,0.407178412885492,0.530701347508802,1.30336317131343,0.233263339382391,0.76070218495733,9.33960966840624,0.102984871571615,0.0629372352065184,0.611130880157987,0.09375,0.0625,0.4375,0.729674010261422,0.486479994287029,0.666708677362288,0.640784860830227,0.587449516136015,2.37168312869363,0.757606813166831,0.244035349114313,0.322113456311506,0.825573861598969,0.311033586661021,1,0.0461028904068509,0.138200805209547,2.99766031999178,0,0,0.6,0.637688289072704,1.17503029502684,1.84264054266312,0.05,0.5,8,0.1829070043675,0.573536294693228,3.1356715762556,0,0,3.725,0.130216729106804,0.41806872889508,3.21056082242843,0,0,7,0.598169111018286,0.860648234832743,1.43880420934413,0.156942121981123,0.943269553336244,6.0205585375342,0.0940543413162231,0.311674773693085,2.21249961853027,5.32068996429443,9.07160186767578,1.2626828,1.6113466,0.708789433711452,0.404730307786403,0.156576571282705,0.124545605614868,0.061114259826518,1,0,0.05,0.00950409458412978,0.65625,1.5273860037387,0.9955576,0,0.05,0,0,0.882190442103405,"Inside","Red","Inside","Red","1","5"
"27","5B",3.28449929720729,121,36,8.23333740234375,1.01232801158309,1.68095908278223,1.66048856057388,0.21247037678957,0.694940024937192,0.306846518155719,0.558031134700761,0.446257005750769,0.328107379028026,0.0644374782305817,0.59926854754441,0.202455590386625,0.133838383838384,0.224050853361198,0.0374996212437861,0.0341118928804274,0.310838115572429,0.191363748483492,0.384491159724452,0.287355739715994,0.715597959362141,0.358783019451871,1.54314318460715,0.537440906015538,0.645173781977771,0.403020369388804,1.17334411262646,0.637481797410874,0.708158068680737,0.425129550414936,0.432031002974948,0.312487016573672,0.723297667116246,0.4,0.560846560846561,1,0.771682340647858,0.63340146317121,0.820805958368108,1,1,3,0.102403343782654,0.395289097875305,1.23529790509519,3.12504926580309,0,0,7.45,0.795350052246604,1.56318009769592,1.96539887472246,0.05,0.5,7.5,0.459919529546411,0.564556726244855,1.22751196671653,0.280853963481128,0.81438999717934,6.86588091531077,0.0998617641936608,0.0667353677494964,0.668277476252846,0.0625,0.03125,0.5625,0.709977654735095,0.465707794202936,0.655947114809831,0.642001383857222,0.419747217163437,2.37361799399354,0.756087069942359,0.240532251869089,0.318127714956726,0.823699206113815,0.308644726872444,1,0.0459789339957297,0.137672075181137,2.99424243271762,0,0,0.727272727272727,0.592301608034367,1.11175497370171,1.87700819754858,0.05,0.5,7,0.200974128699349,0.627643677164854,3.12300733047978,0,0,3.725,0.132834804491739,0.430503503491695,3.24089386918522,0,0,7.66666666666667,0.60837436422639,0.794377914163242,1.3057386386972,0.257635912242736,1.00496669398852,5.67838512168556,0.0968540087342262,0.241831630468369,2.12980484962463,6.26072359085083,8.25400543212891,1.2932721,1.8502419,0.722332823961435,0.446400924686801,0.138996543592246,0.105750256392123,0.0645492989466966,3,2.95,4.5,0.719573179807319,0.59375,1.54430901192032,0.99407244,0.333333333333333,2.51666666666667,1.8485730232323,1.36141046906882,0.922882605057135,"Inside","Red","Inside","Red","3","5"
"28","5C",3.18896530220755,120,34,8.29048095703125,1.72269576442532,2.19173191482194,1.27226870819705,0.343798561096191,3.22238789826631,0.509487186227232,0.697414230182453,0.469597656527112,0.368037586898325,0.0914947331766344,0.445547140245495,0.191520849656133,0.271437276921738,0.399146861669714,0.0327269265611816,0.0326048504783141,0.278620538339962,0.195927247482215,0.465757062722696,0.301375857696681,0.722541593902054,0.432000761742211,1.49464957025726,0.541822664608121,0.604602219919337,0.368012344909779,1.20870496234481,0.631575449499962,0.654316280846146,0.415606249560989,0.447077840619452,0.323626796923438,0.72387125354957,0.448717948717949,0.612179487179487,1,0.87673021676678,0.742183081326414,0.84653530485518,1,1,4,0.190389135544529,0.735196308870897,1.61105965139146,2.1913326168159,0,0,7.45,1.37337424915121,2.01661590467349,1.46836589219567,0.05,2.5,8.5,0.486653561225863,0.537804607079943,1.10510771918576,0.356139106514537,0.868533911839758,7.64563309158019,0.129872355706451,0.0959782227016303,0.739019648789377,0.09375,0.125,0.53125,0.877411067364966,0.626786007897982,0.714358447495244,0.68138363205374,0.962357486064506,2.63257323224396,0.715851835850239,0.269206324540743,0.376064306967933,0.793035089969635,0.424912710984548,1,0.0837468726389577,0.17556532960516,2.09638072530831,0,0,0.714285714285714,0.989039421374888,1.42550425135712,1.44130175253833,0.05,2,7.5,0.377552715715863,0.826025233415851,2.18784079423097,0,0,3.725,0.260449043846748,0.598641618760981,2.298498047523,0,0,10,0.726136430456275,0.944719571657918,1.30102213858668,0.303985824167041,1.13914487644282,6.04215680210438,0.145935006439686,1.32207715511322,3.52346086502075,6.47179868698119,8.41518688201904,1.9691235,1.991712,0.714515067824501,0.466582433296489,0.24733524085436,0.213403784267044,0.128207699593303,3,2.45,4,0.61225886631978,0.59375,1.94202114615879,0.9912549,0.375,2.18333333333333,1.62805268820009,1.34107043903299,0.913964697010006,"Inside","Red","Inside","Red","3","5"
"29","5D",3.4937785063787,140,43,8.78591638565064,2.19940800206756,2.45907259956781,1.11806113156638,0.631548252105713,4.42054507578413,0.611285888754071,0.753010164030268,0.431786844715436,0.349052531085469,0.146277753591641,0.337919024814976,0.147845015237266,0.367958206356117,0.473487157161515,0.030068904044663,0.0335856827655238,0.258216958441272,0.211560296569387,0.510495110916783,0.314357103909997,0.712597964461908,0.449989010196223,1.4285613623773,0.607828604558911,0.478357466414566,0.31416445914643,1.25167883977735,0.643884806844469,0.531058022881589,0.375577019726942,0.419787037097622,0.336412007733763,0.801387317864057,0.41304347826087,0.672540857230959,1,0.887853722246408,0.813445757484998,0.916193441670609,1,1,3,0.236482368306487,0.952046147148454,1.83096644681061,1.92319085823169,0,0,8.45,1.88038310840226,2.36004057051975,1.25508496644869,0.05,4,8.5,0.476451139626982,0.47135514691732,0.989304270079716,0.393628370000768,0.90622670982571,5.33559556025775,0.139799194601654,0.0969462360169028,0.693467772065087,0.09375,0.15625,0.53125,0.907408816540961,0.666544932766224,0.734558581111313,0.693147180559945,1.22299152702878,2.46973482852833,0.689215062437745,0.323032860946612,0.468696751640988,0.821142077445984,0.607150316238403,1,0.105373437634943,0.193155001626831,1.83305210461102,0,0,0.769230769230769,1.3774024089392,1.77854733015175,1.29123291683618,0.05,2.525,8.5,0.491769217424951,0.944022275364316,1.91964491048768,0,0,4.225,0.323411452676061,0.668345384197414,2.06654828908254,0,0,8,0.770717789475725,1.07241512209098,1.39144981046886,0.218016624476543,1.1752581495753,6.36719424058906,0.283703029155731,2.8713231086731,4.65949547290802,7.78403305053711,8.93615055084229,2.8545268,2.2724752,0.685105093578361,0.460844322337441,0.318222050364705,0.301454916405375,0.228554203806134,3,4.95,8,1.02018019354818,0.625,2.08898485498997,0.99122894,0.375,4.35,3.27795668061675,1.32704621318594,0.811297436429698,"Inside","Red","Inside","Red","3","5"
"30","5E",3.57057454018572,165,47,7.85560321807861,1.15109785178556,1.9282508886709,1.67514072385752,0.156915687918663,0.923554049779973,0.33999749998353,0.6188695714998,0.416644411676838,0.345467116936266,0.140356987374837,0.543404440574663,0.149325206791467,0.166913365259034,0.249368741837179,0.0311176533990575,0.0321797666485593,0.270973581811971,0.200010033844504,0.398800754145266,0.254160718101428,0.74241990383122,0.396317692504537,1.57888509081283,0.536366951656186,0.599443931834306,0.382710454038656,1.23961506546449,0.667466215187901,0.650600044448924,0.419907414044862,0.332108661980271,0.308548064525315,0.929057564128347,0.234375,0.543220338983051,1,0.639878101872007,0.695563140670456,1.08702444830592,1,1,3,0.113278188942098,0.458541575968655,1.33697760080008,2.91571728905009,0,0,6.95,0.91302568567697,1.77253514271669,1.9413858454622,0.05,0.5,7.5,0.339356634587518,0.469292119127289,1.38288770955577,0.0626271779714043,0.687808586795246,4.13315525954603,0.107322050500653,0.0815295058795842,0.759671526021468,0.0625,0.03125,0.53125,0.684516363132993,0.564142114294814,0.824147010471404,0.56754967795754,0.582088829979208,2.59108950867668,0.79538470653622,0.230208792483029,0.289430750417058,0.869269132614136,0.275990843772888,1,0.0506127146898801,0.143518442419976,2.83562032385259,0,0,0.7,0.676530982440865,1.31293773087118,1.94069120993426,0.05,0.5,7.5,0.233583869119144,0.67934889833851,2.90837248693742,0,0,3.475,0.151375973959851,0.480042172782833,3.17119130748024,0,0,11,0.524309144529702,0.8657294335571,1.6511812593573,0.065328543895803,0.746652220926191,6.57253351921699,0.107729598879814,0.465122729539871,3.35120010375977,6.1640891456604,7.97031164169312,1.7157216,2.0232525,0.664865320085336,0.354487254925828,0.146366484785419,0.12071786738798,0.0781250603209401,2,5.45,5.5,0.904278015766198,0.5625,1.53460111746095,0.99612963,0.495454545454545,2.775,2.725,1.01834862385321,0.822540106004544,"Inside","Red","Inside","Red","2","5"
"31","6A",3.30210219307633,181,40,6.30278873443604,1.12846255359915,1.48651923871721,1.31729602721514,0.289356213212013,1.69249906773369,0.341000578468838,0.484673827471606,0.501975122185242,0.381185920856658,0.0283774373259053,0.554317548746518,0.262186629526462,0.155118384401114,0.319724930362117,0.0367120045642668,0.0320770862962103,0.318100616388372,0.191451131397448,0.471945387995548,0.291149706734753,0.822688239434779,0.441942234641775,1.26943495608427,0.35257152034157,0.616972284788416,0.375680988472805,0.942478098124347,0.43923962440923,0.753652727027813,0.458996622396069,0.446348245181844,0.27828031636789,0.623460088331966,0.435483870967742,0.465438968380145,1,0.85732938718663,0.598946009141223,0.698618311809765,1,1,3,0.116643454038997,0.384879874651811,1.09805846137397,2.85299007220721,0,0,5.45,0.792644498607243,1.35104169871581,1.70447369670732,0.05,0.5,5.5,0.454829138252598,0.529299497302371,1.1637326037111,0.310590232517545,0.782103500871383,6.52727443980237,0.107968641190808,0.0687307165539766,0.636580360704105,0.0625,0.0625,0.4375,0.808104210981085,0.490999084416069,0.607593770387569,0.674620180228557,0.569833525654893,2.36951807962456,0.743468811733347,0.242969431345554,0.326805143014792,0.802731901407242,0.354632377624512,1.00257837772369,0.0537581355675236,0.148817094053691,2.76827111808532,0,0,0.545454545454545,0.599509633240483,0.989892874856092,1.65117092365222,0.05,0.5,5.5,0.192876732551353,0.550169908127586,2.8524431166476,0,0,2.725,0.139876290398194,0.398958723721317,2.85222551002445,0,0,6,0.648134364507751,0.826493263333948,1.27518815324915,0.325001662396566,0.949498736552013,5.1841127348165,0.0969893652945757,0.30250908434391,2.00052386522293,4.61217973709106,6.38194704055786,1.1266795,1.3931102,0.69750446080115,0.480151381680189,0.176810842991909,0.142384360976169,0.0608787590867337,1,0,0.05,0.010745925445879,0.46875,1.59850450527981,0.9906348,0,0.05,0,0,0.957059911516702,"Inside","Red","Inside","Red","1","6"
"32","6B",3.77408320372852,288,59,7.92952630996704,1.25761353777893,1.76509225522093,1.40352517064842,0.376025568246841,1.53303619051973,0.361295582362143,0.537452103051801,0.47792727417157,0.342527013766915,0.0311710927296474,0.519111885067479,0.290727035263387,0.158989986939486,0.319547235524597,0.037200679960014,0.0356672566948171,0.313137194870137,0.204051523536395,0.401876677020684,0.260503619585915,0.736583784289017,0.370060958837922,1.41611340905561,0.452070309751152,0.543000858789856,0.336651328139603,0.988506008417673,0.559638158826838,0.650281925767033,0.393101191546112,0.475654657456937,0.290382943337701,0.610491117421657,0.473118279569892,0.50509089266205,1,0.87409664780148,0.596021036166125,0.681870863668488,1,0,3,0.113365259033522,0.415772747061384,1.22553162140375,2.94759969253783,0,0,7.45,0.925842403134523,1.60233232203678,1.73067502267334,0.05,0.45,7.5,0.468111267114822,0.50630817921384,1.08159793361617,0.374312699827391,0.768707849897864,8.7659584028574,0.115280801044841,0.0822776968472479,0.71371551985698,0.09375,0.0625,0.5,0.847808885309852,0.531222510005526,0.626582852822282,0.682908104700472,0.589043008588777,2.55371930264871,0.700733892404883,0.250100569037631,0.356912333980734,0.754895389080048,0.390250901381175,1,0.0497448839081673,0.141500346321327,2.84452058592692,0,0,0.666666666666667,0.713287621535336,1.18913828110288,1.66712311443634,0.05,0.45,7,0.210702310241117,0.621110027990777,2.94780834287014,0,0,3.725,0.157707560299906,0.503745875436739,3.19417708623977,0,0,8.33333333333333,0.734164881122001,0.890090456887228,1.21238495571585,0.434414971602086,1.04880681292499,7.24303792075487,0.111897991970181,0.49511581659317,2.42045259475708,6.02547350883484,8.03311824798584,1.4446446,1.7681314,0.706817837421107,0.498004246550535,0.211950925435376,0.159471006762984,0.079792403459285,3,2.45,4.5,0.733052528827649,0.59375,1.77621076673273,0.99150395,0.444444444444444,2.35,1.81979852364669,1.29135174551677,0.993971392621764,"Inside","Red","Inside","Red","3","6"
"33","6C",3.37270672757729,189,47,3.6692068195343,0.378924908786804,0.503174355147598,1.32789991758156,0.15689691439271,0.28260572463274,0.0956894989985405,0.156820972952352,0.360166721252332,0.270171152211041,0.00853509841491029,0.777739069848458,0.210677582302735,0.00304824943389653,0.0985020031353423,0.0321178418047523,0.0286776384267424,0.269730905751046,0.173392901692516,0.322325833522187,0.19140789880324,0.692103653096929,0.302267241537255,0.919665968418121,0.200481290574926,0.492635129663644,0.190612858860986,0.484781761848879,0.205508569004957,0.681291035058271,0.344352518272565,0.373590629469127,0.273212820302545,0.73131604154735,0.285714285714286,0.397076023391813,1,0.617226963943564,0.493355299843824,0.799309376718891,1,1,2,0.00357080647970736,0.00738547291412645,0.125730304141951,17.0240017943146,0,0,2.95,0.181875979794461,0.379917205957127,2.0888806008714,0.05,0.05,3.5,0.304746997148354,0.431067775569045,1.41451033021729,0.185921133480423,0.436227423524789,6.22908822741801,0.0797171659989549,0.029621806372732,0.371586295141505,0.0625,0.03125,0.25,0.615335102508218,0.272078049156877,0.442162405570295,0.594880254188934,0.24749284427065,1.90619485389825,0.877631891279147,0.197481652619891,0.225016495619891,1,0.179541965325673,1,0.00148529582534982,0.0251117240540331,16.9068838849787,0,0,0.491666666666667,0.178183243337398,0.361669816204394,2.02976334603785,0.05,0.05,3.5,0.00369273645706322,0.0628651520709754,17.0240017943146,0,0,1.475,0.00526036865241673,0.0919536656913537,17.4804603569197,0,0,3,0.412022026646063,0.6260774333364,1.5195241828035,0.108210445305776,0.624068890627185,4.48670866775744,0.0890939235687256,0.139036059379578,0.415509194135666,2.20285617828369,3.74076437950134,0.37926245,0.5260492,0.529746972249412,0.390320643988455,0.0766361790914692,0.0359360485297756,0.00057254750608621,1,0,0.05,0.0240887393323092,0.3125,1.03651911571584,0.9962496,0,0.05,0,0,0.916660490591403,"Inside","Red","Inside","Red","1","6"
"34","6D",3.56171504847365,177,50,6.43484492301941,1.10578140735848,1.48798911667269,1.34564490483452,0.311327927112579,1.46559398551782,0.302919436159197,0.436702086240208,0.481384121158303,0.300159767799974,0.0209784122562674,0.61516364902507,0.221622562674095,0.142235376044568,0.29883356545961,0.051457130727118,0.0318067396665339,0.389097470213508,0.163822910890238,0.482417333014438,0.292790450689536,0.737860641066732,0.420932369120538,1.15548127900463,0.372515414288917,0.480894857106897,0.297756656194211,0.865913565380482,0.423277339541864,0.621584437494766,0.414046198882135,0.497896996643616,0.287288558059923,0.577003998812143,0.504394418317786,0.490950850032253,1,0.889449860724234,0.559141655522187,0.628637633454579,1,0,3,0.103151114206128,0.336973363509749,1.03301262439506,3.06556166230978,0,0,5.95,0.802328516713092,1.33301875390954,1.66143758590375,0.05,0.45,6,0.515161470197561,0.709386205815945,1.37701720111929,0.280771824262718,0.807382814693392,47.0398161538194,0.107933278203343,0.0719140355774498,0.666282325289576,0.0625,0.0625,0.46875,0.802145989294633,0.478354384606884,0.596343297842235,0.673011667009257,0.470795972258789,2.42442111578063,0.74495270304365,0.260465316985407,0.349640072344493,0.830175399780273,0.38431719938914,1,0.0471543841822496,0.140029553711649,2.96959776148153,0,0,0.666666666666667,0.631923891597029,1.00952683148891,1.59754496532421,0.05,0.45,5.5,0.169543332551772,0.519509027803348,3.06416666455881,0,0,2.975,0.12670851797194,0.389602860447772,3.07479612802394,0,0,5.66666666666667,0.668313277291877,0.759825447904941,1.13693005020622,0.503618344344138,0.903994207085649,5.63964991340286,0.10798192769289,0.249152153730392,2.05228209495544,4.87525056838989,6.65486669540405,1.143341,1.4566982,0.673169557265325,0.495544911231293,0.167696700046878,0.144462997195737,0.0639769674420062,2,2.45,2.5,0.508534008825335,0.5,1.58335804082679,0.9902005,0.49,1.275,1.225,1.04081632653061,0.941434401833136,"Inside","Red","Inside","Red","2","6"
"35","6E",3.46660639993033,269,53,7.34906803131104,0.682187764191713,1.24872045681923,1.83046445914897,0.199611683785915,0.288948146899541,0.181122371968361,0.381843992720084,0.358813935412456,0.295047900869007,0.054660980067891,0.713813212638176,0.162677343546001,0.0688484637479328,0.162329184437288,0.0331234014533764,0.024715447310683,0.25457720624659,0.146810158043386,0.410059832742158,0.263076607306984,0.737958415564424,0.36140443555262,1.31841730572726,0.526763433780711,0.543674090261063,0.420409179567274,0.886817642844704,0.537212051751775,0.677821477181259,0.436014352409423,0.586605320831883,0.335928754234888,0.572665712882551,0.691176470588235,0.628034814475492,1,0.820436939681434,0.477773126560395,0.582339852647186,1,0,3,0.0368178257463661,0.129293237009313,0.693098154580622,5.36066828097665,0,0,6.95,0.627665593176082,1.11727990535496,1.78005600036376,0.5,0.45,7.5,1.13786030120144,1.0763868912066,0.945974554231367,0.792198563365339,2.18674221443971,6.91385862171528,0.0853615414744538,0.0527709811771574,0.618205579065723,0.0625,0.03125,0.46875,0.56864010455322,0.42793828728119,0.752564379217361,0.492603657539584,0.429545024402728,2.45106839344613,0.605493736552655,0.269587112068889,0.445235178820789,0.602502167224884,0.481048703193665,1,0.0163053240570162,0.0848129693635135,5.20155067553032,0,0,0.666666666666667,0.560613775495401,0.929040591550095,1.65718473601389,0.5,0.45,7,0.0659716989788923,0.35409183061108,5.36732926530166,0,0,3.475,0.0515351917123888,0.300362032917033,5.82828981394528,0,0,6.33333333333333,0.840689105752419,0.739729334246594,0.879908314720617,0.939798217739643,1.09307503095027,5.56801098877383,0.115740418434143,0.158996298909187,0.292653754353523,5.23013988494873,7.39487743377686,0.66673845,1.2717477,0.771154186658538,0.615669070318105,0.100623103522502,0.0740125297707897,0.0358793001289205,2,3.5,4,0.730505539174057,0.53125,1.31602796908413,0.98527175,0.4375,2.25,1.75,1.28571428571429,0.995016776911891,"Inside","Red","Inside","Red","2","6"
"36","7A",3.40350852291274,124,37,10.2024535369873,3.41669038010959,2.37753645942574,0.695859499961328,3.55257032155991,3.85522080719471,0.916162701808515,0.72922521384451,0.472876541645916,0.297071637713596,0.0731940818102698,0.0900783289817232,0.266579634464752,0.570147954743255,0.779025239338555,0.0351714097621968,0.0393809592531598,0.267555689232682,0.233692338419595,0.479558020732857,0.265323547110537,0.58407692486432,0.350619938076728,1.3771059101162,0.606260376408435,0.453322322206095,0.254018772857096,1.15431443650551,0.650014657603205,0.477534710920713,0.285625719281864,0.483053832082532,0.271107464553502,0.561236546628166,0.53921568627451,0.408888888888889,1,1.17536988685814,0.772212676390927,0.65699545736629,1,1,4,0.335944299390775,1.31229329852045,1.9897573025003,1.51624435234383,0,3,9.45,2.83558746736292,2.39428357666393,0.844369501636497,3,4.45,9.5,0.614977632592369,0.396752950778047,0.645150213196502,0.802446786583981,0.803346706831471,5.3449395325062,0.201204852045257,0.113508857679541,0.564145727728326,0.1875,0.1875,0.65625,1.31699303872406,0.682494827771195,0.51822204651318,1.47846177559297,1.06603652442414,2.75756126840483,0.615318761047971,0.330480641039267,0.537088517301851,0.585476100444794,0.684209068616231,1,0.146814584701783,0.212721753447946,1.44891431515498,0,0.4,0.789473684210526,2.13663874383522,1.84994770156654,0.865821471647529,2.025,3.45,9.5,0.680395871904277,1.03569108129192,1.5221889550759,0,1.5,4.725,0.488528656914901,0.831930679308841,1.70293117411485,0,1.0253164556962,12,1.16576758958574,1.22239295652733,1.0485734613378,0.768937221751766,1.92811555462384,7.83452582544842,1.31357923150063,2.92349851131439,4.37601161003113,8.43700704574585,10.2108526229858,3.0295544,2.094446,0.589651095204614,0.528617001120892,0.455130233170656,0.419633465316764,0.274106607836104,6,4,9,1.03704855998115,0.71875,2.45705312088418,0.86235434,0.611111111111111,4.25833333333333,3.25197589508628,1.30946030066448,0.927934334677918,"Outside","Red","Outside","Red","6","7"
"37","7B",3.49218411577606,134,41,6.76142397880554,1.22795479369531,1.55979810023033,1.27024065400355,0.241800196766853,2.35709593772888,0.285092429582575,0.40965213472381,0.399519205350065,0.291162020191462,0.412625163256421,0.125642141924249,0.286721811057902,0.175010883761428,0.405137135393992,0.0416403626587451,0.0437591545345941,0.287545999998018,0.236132827552326,0.409779229206467,0.254288985236973,0.468454434244324,0.32850422247964,0.927759457045971,0.422965193122433,0.366968770809871,0.223272566338793,0.660364113016906,0.412435859112375,0.39783648100756,0.285981992282732,0.238556969450759,0.284257330073443,1.19157000832087,0.0731707317073171,0.472857608341479,1,0.492555507183283,0.635107928320123,1.28941392200046,0,1,3,0.0727035263387027,0.213752720940357,0.806575353753338,3.77340391366712,0,0,5.95,0.840661732694819,1.3932798152275,1.65736081593867,0,1.5,6.5,0.275460678795549,0.393603781124783,1.42889280185402,0,0.705604173607983,2.3614161642957,0.100960491946017,0.0850209678026862,0.842121171994158,0.0625,0.125,0.46875,0.619100384772001,0.662401384796488,1.06994180764471,0.348832095843032,1.19044576859042,2.51477919693873,0.782493438915028,0.329603510404611,0.421222075499605,1,0.450587213039398,1,0.0332912333760179,0.120271388094184,3.61270448396257,0,0,0.7,0.731687708605427,1.22535750068754,1.67470012995439,0,1.025,6,0.108008879208336,0.407678515195981,3.77449074728032,0,0,2.975,0.091922124597985,0.356589699994861,3.87925868287294,0,0,5.66666666666667,0.532512602862666,0.849947928861749,1.59610856962375,0,0.995718988412616,5.01680739141206,0.814417839050293,1.88689321279526,2.88414639234543,4.75727651596069,6.83372688293457,1.932854,1.3241563,0.383935650948947,0.276472239467331,0.210520859649821,0.184413901515362,0.0610706584856139,2,1.95,2,0.435735721626795,0.5,1.49774524032243,1,0.4875,1.025,0.975,1.05128205128205,0.579796946779441,"Outside","Red","Outside","Red","2","7"
"38","7C",3.41340157389491,143,42,6.73438997268677,1.15670503643119,1.64592598981417,1.42294356640167,0.0869481119513512,2.34352785189947,0.279936110558746,0.443593182908546,0.394032944153203,0.297553422446041,0.437979094076655,0.168205574912892,0.205923344947735,0.187891986062718,0.337630662020906,0.0339327202066584,0.0396382394747339,0.25346314910511,0.229980121148111,0.428750741897713,0.280284603743588,0.508847739598207,0.338466051388666,0.989603946522555,0.441618654479783,0.394041334420185,0.244529854461778,0.774389528496072,0.451948326604488,0.42005895975166,0.296587779896637,0.212875099384555,0.272874287984184,1.28185160581531,0.0384615384615385,0.435509431045145,1,0.470121951219512,0.658352382613111,1.40038639103178,0,1,3,0.0876306620209059,0.271406794425087,0.91578429193861,3.37421284488654,0,0,5.95,0.842513066202091,1.48360227038563,1.76092493980356,0,1,6.5,0.258530032976866,0.395442625508779,1.52958099666573,0,0.655790524981027,3.46283149136063,0.0966517857142857,0.0833646958765413,0.862526183664908,0.0625,0.09375,0.4375,0.567431364692901,0.654649341984752,1.15370665549842,0.233791658706459,1.07608157969584,2.42413553568867,0.801430131506681,0.319772880911466,0.399002818012715,1,0.363282293081284,1,0.0393506035195931,0.128825619087231,3.27379017257226,0,0,0.727272727272727,0.704610917537747,1.2651176596236,1.79548404393809,0,1,6,0.136950282706985,0.462624985939841,3.37805060928323,0,0,2.975,0.116672856077932,0.430459236915874,3.6894548688201,0,0,10,0.48127190288859,0.854847069312708,1.77622475815007,0,0.643650253051011,5.55623512077652,0.650108128786087,2.10527372360229,3.20499122142792,5.45170886993408,6.96457433700562,2.091918,1.5164523,0.414726078377387,0.244755629036265,0.17854409952839,0.155808145593222,0.0712596878968929,2,2.95,3,0.58857051493685,0.5,1.43451930965734,0.99943006,0.491666666666667,1.525,1.475,1.03389830508475,0.559228645384167,"Outside","Red","Outside","Red","2","7"
"39","7D",3.3604800155271,153,36,9.16251934051514,1.771493328068,2.02625828696068,1.14381367113052,0.989217054843902,3.06802187833935,0.443476911542745,0.547417814734704,0.44082618601001,0.315677104224686,0.217353427998955,0.196358567819496,0.321892150884223,0.264395853297326,0.49821413015071,0.0324145726771128,0.0406104218051989,0.250159923523812,0.236434135082415,0.432936948201971,0.24607553718341,0.58662324450505,0.335380118321142,1.12616375524833,0.552347588278048,0.404925568054398,0.249720301337432,0.836703586313694,0.533549589390736,0.47244767599864,0.306898865169897,0.349406751330936,0.310462667235616,0.888542267866958,0.311111111111111,0.602430352430353,1,0.709295234776548,0.709162355521769,0.999812660161433,1,1,4,0.127363010715219,0.430085373290356,1.20685917216783,2.80609210895684,0,0,8.45,1.3162209251677,1.92710151328534,1.46411706153343,0.05,2.5,9,0.372752306330598,0.414324431258135,1.11152747876137,0.091604508026887,0.815245219963639,3.35784876285371,0.130308607021518,0.0921149114255014,0.706898136132257,0.09375,0.125,0.5625,0.85246765945608,0.68256514038463,0.800693296470793,0.778464991422422,1.28425574116015,2.53644018786135,0.749853125930281,0.308390595166966,0.411267999695769,0.951224267482758,0.519895245631536,1,0.0560729314710921,0.150123766987094,2.67729478464112,0,0,0.733333333333333,1.08852397130993,1.60861419349673,1.47779399985186,0.05,2,9,0.222098799449762,0.627525472098549,2.82543387741495,0,0,4.225,0.182748927983293,0.56321050169245,3.08188128875885,0,0,12,0.781977273586743,1.10797801810326,1.41689286316626,0.141316229276857,1.36701421835192,6.34583675474615,0.673774167895317,1.98592466115952,3.27440822124481,7.54780178070068,9.2381010055542,2.2322145,1.8630486,0.541193974781196,0.382547711948092,0.287953989908766,0.244878410247375,0.11497769291555,3,5.5,8,1.066349249035,0.65625,1.89408687305675,0.9956723,0.6875,3.51666666666667,3.3242375901183,1.05788667967668,0.768902710913537,"Outside","Red","Outside","Red","3","7"
"40","7E",3.29421253604876,148,37,9.99618606567383,0.932721334625028,1.85488114431615,1.98867665556492,0.155160964131355,0.799481740767757,0.288844278208829,0.624979646105663,0.44837518387863,0.392016693838174,0.0653082549634274,0.56478578892372,0.287878787878788,0.0820271682340648,0.213775687913619,0.0263702822904875,0.0339853278888014,0.244852539258309,0.220118447676354,0.361144689497123,0.20224387928557,0.78563355366167,0.353797907714461,2.07229904090934,0.933004241426198,0.666073381866601,0.496430057609195,1.10599966950092,0.970990677528745,0.699257750593537,0.429557460071936,0.32188681640823,0.250284415198232,0.777554104237718,0.26,0.385245901639344,1,0.636189481017067,0.630966791461301,0.991790669742893,1,1,4,0.0631313131313131,0.284722222222222,1.19605987058644,4.20079564303529,0,0,9.95,0.652978056426332,1.80570972563198,2.76534518711763,0.05,0.5,10,0.425576671428364,0.901740626537356,2.11886761440857,0.0564774988210141,0.547949409603967,8.84559522168965,0.0907077237896204,0.0535779851835996,0.590666185250814,0.0625,0.03125,0.53125,0.665951665910115,0.424758592003374,0.637821952773228,0.603637251500326,0.457013771016957,2.66757212112768,0.843324324211806,0.264298645592191,0.313400951453893,0.987979143857956,0.181950494647026,1,0.0267704502532275,0.106326622207906,3.97179058260655,0,0,0.727272727272727,0.498680047602461,1.35890490044379,2.72500355082802,0.05,0.5,9,0.150157692100782,0.632182287487675,4.21012256277467,0,0,4.975,0.0996468447152585,0.481583609829692,4.8329037533082,0,0,10.3333333333333,0.461850898839824,0.896616593449187,1.94135509035817,0.0866801053121793,0.628809079629207,7.33452582544842,0.074631791561842,0.150471284985542,0.983768165111542,8.05071655273438,10.0355386734009,1.0829916,1.9579436,0.521088957291876,0.337875200580133,0.104987772326114,0.0656104193667824,0.029579668888478,4,4.95,8.5,1.11639191743646,0.71875,1.25601182561167,0.9982751,0.294117647058824,5.1375,3.18892125177151,1.61104636784179,0.862757023894109,"Outside","Red","Outside","Red","4","7"
"41","8A",3.41090639543724,145,46,6.51070308685303,0.24808033919871,0.845307562502528,3.40739441598975,0,0.0532793567205469,0.0482291457928632,0.186655992679328,0.25076676891959,0.257205916611892,0.736494127881688,0.182166159199652,0.0509786863853849,0.0302740321879078,0.0750761200521966,0.0219853585327784,0.0283874949615926,0.202054287225045,0.205503706212115,0.372635742431704,0.273761722935787,0.401201898232798,0.376170124851441,0.833172172156762,0.406946089483756,0.290562604812806,0.17104084475689,0.570609746648156,0.401842056221709,0.329977310384756,0.304178291371855,0.0588573554440317,0.154658335879178,2.62768068175005,0,0.0158730158730159,1,0.113527620704654,0.349590757447829,3.0793454075577,0,0,3,0.0104393214441061,0.0281122227055241,0.286632445450484,10.1960079234204,0,0,5.45,0.164845585036973,0.728893475213687,4.42167422955371,0,0,6.5,0.0641407248226327,0.230494506329871,3.59357501754546,0,0,3.1581423615474,0.0541132013919095,0.0417903477778487,0.772276389178792,0.03125,0.03125,0.40625,0.179679635653573,0.339839236668752,1.8913620090146,0,0.176920351117944,2.28476907431449,0.920697849807453,0.242906029380395,0.263828170589509,1,0,1,0.00441407338493028,0.0443369166290743,10.0444448387381,0,0,0.5,0.150637958532695,0.674193736175431,4.47558996910529,0,0,6.5,0.0141556708503759,0.144444070348116,10.2039720953445,0,0,2.725,0.0169715777215438,0.198908767613249,11.7201105799819,0,0,5.66666666666667,0.112964741682117,0.444059436924504,3.93095606923165,0,0,4.67299864438489,0.112594289705157,1.42688518762589,2.67484104633331,5.19944986343384,6.58130502700806,1.617723,1.5581504,0.290911478488222,0.0656424572344263,0.0327710739516979,0.0303710918120302,0.0123817683217241,3,2.5,5,1.35110109012705,0.5,0.511400859913357,1,0.5,2.51666666666667,2.02086340183816,1.24534229497032,0.467526355189759,"Outside","Black","Outside","Black","3","8"
"42","8B",3.29600968141999,150,43,3.86904275417328,0.0683145827601963,0.322474167457339,4.72042943728889,0,0.0600181221961975,0.0129464058030513,0.0860400874358365,0.136676739704062,0.184674905002923,0.637843956809474,0.345785440613027,0.0101010101010101,0.00626959247648902,0.0140195053988157,0.0107014560328162,0.0174644906857511,0.119990873930994,0.146803992064061,0.44371202087094,0.308032943395658,0.587047244573009,0.458001318979611,0.759867332151367,0.369991703720775,0.331351662204828,0.251814323911507,0.626397319785927,0.358026456620272,0.440073987389111,0.381841491065601,0.0385934800883002,0.0974722515113359,2.52561446359135,0,0.0303030303030303,1,0.0500696621386277,0.224386221985793,4.48148064919104,0,0,2,0.00139324277255311,0.00354841518634622,0.0975326495901818,27.4862563900282,0,0,3.45,0.0293190525949147,0.275867157382687,9.40914296222982,0,0,3.75,0.0260355350976808,0.149173707941855,5.72961943674986,0,0,3.53407887106413,0.0516098484848485,0.0245566040528162,0.475812364766494,0.0625,0.03125,0.28125,0.135459657118489,0.205370626675569,1.51610177557092,0.0706835250955269,0.184907399167776,1.98530292625433,0.956230431445753,0.141246591724305,0.14771187684411,1,0,1,0.00067589897331276,0.0181076466707374,26.7904633468917,0,0,0.492857142857143,0.0275448450017415,0.262267586635717,9.52147621884004,0,0,3.75,0.00177420759317311,0.0487663247950909,27.4862563900282,0,0,1.725,0.00148317358610099,0.0398418255639603,26.8625506396034,0,0,1.4,0.0281224161442315,0.199972783194959,7.11079667441655,0,0,3.21811537116973,0.0600583013147116,0.0817288942635059,0.172461122274399,3.24562685966492,3.98693227767944,0.49330956,0.90091103,0.377109824761183,0.0379769894810699,0.00453697153735111,0.00427040379118572,0.00096720670358931,3,1.95,3,15.9031378007351,0.3125,0.258071927485283,1,0.333333333333333,1.68333333333333,1.22497165500086,1.37418145673921,0.467019312485867,"Outside","Black","Outside","Black","3","8"
"43","8C",3.259311437668,121,35,4.15827954292297,0.14116075446867,0.527141313850588,3.73433335515067,0,0.0720703406135241,0.022436742989561,0.10806107571385,0.142013837311382,0.163241999763985,0.547757945145842,0.412973443622116,0.0271658685241619,0.0121027427078798,0.0387461906835002,0.0117276894874532,0.0171649401475998,0.131349669668126,0.148191649228012,0.354906582470553,0.253707742648731,0.253589685913784,0.276907327862369,0.657055455146076,0.364358949961974,0.255456156505736,0.172033228397921,0.45210098048693,0.324145730545554,0.247324477831754,0.242071023421021,0.0590356655230478,0.130839772856754,2.2162835245022,0,0.05,1,0.0877666521549848,0.294711950988641,3.35790352887355,0,0,2,0.00339573356552024,0.00960383108402264,0.167720691961656,17.4639360578388,0,0,3.95,0.081066608619939,0.455226546770963,5.61546306821815,0,0,4,0.0515785370643341,0.215680086913922,4.18158596946833,0,0,4.02745920275603,0.0559915106660862,0.0302754188023232,0.54071444835406,0.0625,0.03125,0.3125,0.182835683355037,0.262849385364647,1.43762629122148,0.102966660465412,0.250021261139131,1.95349153787783,0.942368731814776,0.188907795028333,0.200460593237789,1,0,1,0.00163485498683583,0.0280467732271265,17.1555113162724,0,0,0.49375,0.0762646930779277,0.43110311020304,5.65272202384052,0,0,4,0.00480191554201132,0.0838603459808282,17.4639360578388,0,0,1.975,0.00368003632997367,0.0634672127490837,17.2463549427887,0,0,1.5,0.0595813677927897,0.2832755883098,4.75443244765659,0,0,3.17328929528885,0.0654555335640907,0.106789954006672,1.84234511852264,3.44096925735474,4.31449556350708,0.8311935,1.1074319,0.360640926076997,0.060399752770643,0.0144120643651299,0.0141983214052887,0.00246175485344951,2,1.95,2,0.850285734275451,0.34375,0.386184343649423,1,0.4875,1.025,0.975,1.05128205128205,0.473908420870857,"Outside","Black","Outside","Black","2","8"
"44","8D",3.35569178854166,127,37,2.96627798080444,0.165451655309449,0.422694612439918,2.55479228448541,0.0613891780376434,0.121049020439386,0.0339365308167883,0.10484010073774,0.22414642316108,0.205606092412157,0.402106729346217,0.541916949595195,0.055976321058588,0,0.0462261687124576,0.0213961702715662,0.0254159907525293,0.203044279540936,0.176097343156036,0.399125613611116,0.216671134400746,0.428440115284564,0.324456147215686,NA,NA,NA,NA,0.442198513798317,0.21203349977481,0.371368218581738,0.311247130007708,0.117186569637571,0.195499048442755,1.66827179127595,0.0285714285714286,0.142857142857143,1,0.183163576216593,0.399205251606578,2.17950129524941,0,0,2,0.0048750761730652,0.00930617219465482,0.135878843083081,14.6009379840538,0,0,2.95,0.0686254026290589,0.323698698621294,4.71689325264849,0,0,3,0.0888606876226586,0.272736724945481,3.06926192270355,0,0,5.16112853050316,0.0614879864194307,0.0285472552740093,0.464273705098728,0.0625,0.03125,0.21875,0.273907427882867,0.293870772816789,1.07288354714666,0.184907399167776,0.445996929045819,1.68560630896451,0.935219954156148,0.179852752112362,0.192310644477901,1,0,1,0.00233532108760628,0.0334279541717973,14.3140719917282,0,0,0.491666666666667,0.0639723165317315,0.301273369515055,4.70943348386669,0,0,3,0.00465308609732741,0.0679394215415405,14.6009379840538,0,0,1.475,0.00535155361238513,0.0773459522646898,14.4529902654227,0,0,2,0.0895156095584322,0.31187256483912,3.48400202353023,0,0,3.49158047487511,0.0726007111370564,0.11845812574029,0.456046544015408,2.37682495594024,3.02628636360169,0.51689404,0.73753613,0.387541324747043,0.123535728660085,0.0252693907752444,0.0234863410836092,8.7878249957379e-07,2,1.95,2,1.01569168663819,0.28125,0.557203591522693,1,0.4875,1.025,0.975,1.05128205128205,0.534264641769358,"Outside","Black","Outside","Black","2","8"
"45","8E",3.35748552220149,115,38,5.17129005432129,0.371048323760627,0.824793693879169,2.22287405996009,0.066571454256773,0.183096303716302,0.0792689890572924,0.201886465241888,0.268550469276556,0.226101084082661,0.409193801149225,0.45202855650357,0.115531951941494,0.0232456904057113,0.126414765801846,0.0265244152255378,0.0275503245206302,0.23473843323292,0.186182778444042,0.406781304870489,0.254751043489256,0.387035908454451,0.31977271889188,0.872547014598989,0.298249434437832,0.337171867589242,0.142501077265642,0.513744608582493,0.314784064916467,0.34532722236946,0.278683742301769,0.15970005050492,0.234162961586973,1.46626729826713,0.037037037037037,0.25,1,0.278600034825004,0.487746409556056,1.75070476880027,0,1,2,0.0184572523071565,0.0446064774508097,0.338453269511796,7.58753635915388,0,0,4.45,0.220633815079227,0.693412247886179,3.14281946145555,0,0.05,5,0.159694749231327,0.379175609705632,2.37437743902509,0,0.0711711515873662,4.33864586701913,0.0702186357304545,0.0465133578597293,0.66240759843695,0.0625,0.0625,0.375,0.365037957154697,0.411024688766484,1.12597794478753,0.222360344049425,0.583100899606548,2.14577924068731,0.877910404148368,0.250225286090056,0.285023716438115,1,0.10732959707578,1,0.00872166149819379,0.063842812468623,7.3200286988717,0,0,0.494444444444444,0.198330576353822,0.629520297360281,3.17409604173799,0,0.05,5,0.0223032387254048,0.169226634755898,7.58753635915388,0,0,2.225,0.0210774061070647,0.159633276086404,7.57366799669425,0,0,4.33333333333333,0.189999603833334,0.480148385275896,2.52710203383939,0,0.0629342685939843,3.91599142924914,0.0933839343488216,0.250843852758408,1.93805059790611,3.99229879379272,5.38735961914062,1.048853,1.1719651,0.438432547055638,0.168915666347336,0.0613405699518945,0.0564432383413494,0.00986801807790951,2,1.95,2,0.608534144460453,0.40625,0.86367266455609,1,0.4875,1.025,0.975,1.05128205128205,0.566478583874858,"Outside","Black","Outside","Black","2","8"
"46","9A",3.40930042319621,135,36,6.21762199401855,0.762151844526324,1.13309814005836,1.48670917507597,0.168190025091171,1.06877684613069,0.206563968409911,0.315490437751464,0.499764265158731,0.3586056793627,0.308006962576153,0.300435161009574,0.323237597911227,0.0683202785030461,0.267711053089643,0.0358861910445104,0.0378329578742386,0.30024104900713,0.24986373206794,0.397284449379556,0.219698504527988,0.701831924837284,0.352234536010952,0.986020917896253,0.349438597615214,0.421133506062148,0.257997372166327,0.623442500778831,0.333699096236985,0.562477140561179,0.340771581283152,0.254269732784045,0.295077029918684,1.1604882212595,0.119047619047619,0.458333333333333,1,0.448128807658834,0.574599021603682,1.28221844207153,0,1,3,0.0407310704960836,0.118938207136641,0.603421059703681,5.0733996604678,0,0,5.45,0.421087902523934,0.978237540641227,2.32311955479563,0,0.05,5.5,0.195985676874645,0.344976080306152,1.76021067359327,0,0.253330079799374,3.7970877976699,0.0926294604003481,0.0619531304830135,0.668827500616431,0.0625,0.0625,0.40625,0.563801619121757,0.538270662386377,0.954716418205485,0.43932046419871,0.808228807587159,2.33829387548796,0.857845834600662,0.232055933995411,0.270510066769091,0.975053310394287,0.1726942161719,1,0.0186509349368357,0.0913981030018466,4.9004569106793,0,0,0.555555555555556,0.36126486800116,0.828136092634798,2.29232390411165,0,0.05,5.5,0.0596601502865104,0.302595676446736,5.07198984571037,0,0,2.725,0.051242862724866,0.272413454527641,5.31612482289071,0,0,6.33333333333333,0.397394502828228,0.748658368472343,1.88391727400403,0,0.47904609271772,5.388994548687,0.129319973289967,0.905510038137436,2.06889706850052,4.35600817680359,6.35299015045166,1.2531943,1.2500554,0.579768465182083,0.275687758966495,0.149246996395498,0.116370571458031,0.0312553315524825,1,0,0.05,0.012134516473583,0.46875,1.29511002234261,0.99761564,0,0.05,0,0,0.715071249784341,"Outside","Red","Outside","Red","1","9"
"47","9B",3.44171894516368,167,41,11.0516804122925,0.959729963570672,2.2301337980405,2.32370967114884,0.0998399856686592,0.676464369098346,0.240648255750702,0.604664620199963,0.474671699548885,0.381481914606519,0.371015502525692,0.332607559658596,0.203710155025257,0.0926667827904546,0.173837310573071,0.0365691323368482,0.0400773241836304,0.298763822395648,0.258451672807052,0.333112501559606,0.184559397498553,0.800872248194342,0.331601244105769,1.73337933739401,1.11197589719275,0.38896596605874,0.392406888922053,1.14533863435102,1.03620222268145,0.535647420413979,0.407936831033783,0.177137962687303,0.232641527302125,1.31333523188816,0.0645161290322581,0.288461538461538,1,0.363438425361435,0.573797254769312,1.57880184022555,0,1,5,0.0373628287754747,0.174738721477095,0.9854672733899,5.63966169066356,0,0,10.45,0.731579864135168,2.20599429492326,3.01538410646535,0,0.05,11,0.166118478761512,0.350976424153477,2.11280783914086,0,0.0757929213573223,4.71375013161286,0.0815678888695349,0.0592797459138978,0.726753465554488,0.0625,0.0625,0.6875,0.444931594837919,0.466614745051285,1.04873367156869,0.309477286774126,0.687596737590924,2.78634005225826,0.874518949855048,0.219278792652962,0.250742185391532,0.980823248624802,0.152282888690631,1.00697815418243,0.0145375966944307,0.0782850427374926,5.38500581512784,0,0,0.684210526315789,0.636695625036289,1.96132952922243,3.08048218347762,0,0.05,11,0.0918378601652604,0.517244698697291,5.6321510297226,0,0,5.225,0.0808986718476018,0.545529656428609,6.7433697484711,0,0,12.3333333333333,0.493280412253862,1.40812462887511,2.85461290149594,0,0.143435400259468,8.87067632863262,0.101666515693069,0.602532982826233,4.75838589668274,10.1775121879578,11.1437339782715,2.5465086,3.315902,0.568832095007923,0.194201354698178,0.0827377435621987,0.0660776415122482,0.0476964163160566,4,4.95,10,1.02026484428107,0.78125,1.10593521726211,0.9990249,0.375,5.6375,3.67854845693244,1.5325338420854,0.608671802174173,"Outside","Red","Outside","Red","4","9"
"48","9C",3.42556190824228,123,39,8.50326595306396,1.37499079452887,1.58438716211532,1.15228928689533,0.782063675522804,2.15939794915418,0.388638230450212,0.479199666732732,0.534884970603977,0.357802597280291,0.179735145495731,0.254661090782366,0.399634082592786,0.165969681129117,0.451646628332462,0.0363386254185325,0.0394818075006991,0.296675122402876,0.244475582967999,0.457730998991474,0.245487193893477,0.696452445010766,0.35335035640144,1.18370588694765,0.488309264374391,0.511356036844331,0.299831864254157,0.781705738658432,0.463828670263412,0.59828140889406,0.344537532411479,0.350340173333338,0.305326865404615,0.871515425991713,0.302282193682749,0.571347196771985,1,0.672503920543649,0.66185374357291,0.984163397944016,1,1,4,0.0981878376023698,0.306255445199512,0.980387517530666,3.20120844510042,0,0,8.45,0.874289945983621,1.46570521331962,1.67645209698783,0.05,1,8.5,0.321912582786216,0.41946884223958,1.30305202303369,0.054282279397135,0.683091690155724,5.41052032252762,0.121384387523959,0.0794076249032335,0.65418318222811,0.09375,0.09375,0.46875,0.811993497040406,0.617032058473964,0.759897783323331,0.693147180559945,1.03914640995591,2.47994139966158,0.812993179151559,0.247402383892946,0.304310528350478,0.943550735712051,0.308950811624527,1,0.0434768192629267,0.133803997614139,3.07759398876346,0,0,0.692307692307692,0.715340579078817,1.1789751958493,1.64813129623868,0.05,1,8.5,0.156437020292261,0.502148722284389,3.20990978571604,0,0,4.225,0.13407758794446,0.45339644029718,3.38159753056561,0,0,7.66666666666667,0.693545563464496,0.99428290354188,1.43362304644427,0.12652178922026,1.14500705325199,6.88164739937678,0.18014445155859,1.14412194490433,2.33852130174637,5.22814193725586,8.5280590057373,1.487018,1.4246271,0.622780795275464,0.393769043354046,0.232362038279651,0.184592458623803,0.0536746593555536,2,8.45,8.5,1.64480691093935,0.625,1.70538896653379,0.9951882,0.497058823529412,4.275,4.225,1.01183431952663,0.872964312909232,"Outside","Red","Outside","Red","2","9"
"49","9D",3.4162259564622,134,42,12.779630279541,2.44415687272483,1.99000129781319,0.814187223422639,2.51841283798218,3.82131120746334,0.648967343515288,0.57067244736143,0.483244533043962,0.333431685462508,0.13905325443787,0.145231465367212,0.292551340062652,0.423163940132266,0.670727462582666,0.0285887951577836,0.0356634295815475,0.246948441282785,0.231395701168015,0.534260861795553,0.283868777725357,0.627120352676129,0.39253651602398,1.1544382058817,0.422343538345929,0.464874734883581,0.259770418447829,0.945417136287517,0.463544690546679,0.512945354159647,0.321646815301854,0.39789050067902,0.292056202186873,0.734011497355338,0.438001867413632,0.563531297641467,1,0.900539505743126,0.75388058924169,0.837143272931249,1,1,4,0.218673860076575,0.728437173686043,1.46111930556651,2.00582748704729,0,0,8.95,1.82451705534285,1.94837388399285,1.06788471956856,1.5,3.5,13,0.471356162985052,0.419248724471396,0.889452090360579,0.563019472848581,0.862964496342168,2.89438103620854,0.171902192829795,0.103761290347537,0.603606554631179,0.15625,0.15625,0.6875,1.10681652223899,0.720455118506069,0.650925518394552,1.22720635936751,1.33607979956889,2.74477098848392,0.715499756158676,0.288882226525664,0.403748881867681,0.813442915678024,0.548255975047747,1,0.0975556679539173,0.187606667747034,1.92307296625404,0,0,0.724137931034483,1.4471483785822,1.56570420688218,1.08192375436728,1.0125,2.5,10.5,0.371494987225591,0.74995014282239,2.01873556470624,0,0,4.82316998974741,0.294699958453644,0.630371000980932,2.1390264331513,0,0,10,0.922535703466292,1.10506679551928,1.19785802475411,0.398325206646601,1.65885552782975,8.83499711416916,1.08484148979187,2.36178350448608,3.44941568374634,5.41780382156372,12.9291076660156,2.3354666,1.5553507,0.630872638558693,0.447228020947006,0.360537881360535,0.334830863910718,0.166494879448076,3,9.5,12.5,2.27525439706375,0.875,2.07385651976616,0.98739403,0.76,5.18333333333333,5.3119885374709,0.975780218042635,0.786211780216435,"Outside","Red","Outside","Red","3","9"
"50","9E",3.51494921529623,170,45,11.2159259414673,1.48804960053299,1.75767096724594,1.18119111528028,0.859838939905167,2.42795470471183,0.414734757884862,0.508916807632381,0.526452049603519,0.375039121717913,0.153089643167972,0.275021758050479,0.374586597040905,0.197302001740644,0.468233246301131,0.0307033264163853,0.0363272645260178,0.266040581349638,0.242338812794078,0.468863380892197,0.257099286408299,0.732063349529823,0.374246439025114,1.16907448842579,0.521277007343027,0.499080723974693,0.283621158124312,0.814633659718101,0.491115330786402,0.602320216530084,0.352872189645073,0.342348732321055,0.306388453504592,0.894960093549466,0.266666666666667,0.569524823835169,1,0.661531766753699,0.685463705049651,1.03617655190376,1,1,4,0.106614447345518,0.359212358572672,1.1364553082711,3.16374222976849,0,0,9.95,0.985073977371628,1.7159896724296,1.74199066450644,0.05,1.5,11.5,0.321403225669095,0.413593229541063,1.28683596339162,0.0417493199406646,0.707370266499971,5.22525822485996,0.126498585726719,0.0813755227975586,0.643291957218859,0.09375,0.09375,0.75,0.817754270348502,0.620050335989311,0.75823552193138,0.690185676018804,1.0501749218855,2.92732428593484,0.812173625242469,0.252755152769824,0.311208274824691,0.94780507683754,0.304339249928792,1,0.0469853542290526,0.138469869405761,2.94708578189543,0,0,0.8,0.794944516971279,1.3339138806756,1.6779962024995,0.05,1.25,10.5,0.185066100421759,0.590128645526655,3.18874523309116,0,0,4.975,0.148077786963103,0.470620880959966,3.17820039461578,0,0,5.5,0.669385154360305,1.00400191439376,1.49988673613956,0.0984981806519386,1.09050358106086,8.83452582544842,0.19445912539959,1.36035454273224,2.68946611881256,5.82931306838989,11.5858860015869,1.6820405,1.5553826,0.61833305380072,0.376013678462964,0.235360317549029,0.196742885894769,0.0711269823521725,3,5.95,9.5,1.64053751064744,0.8125,1.73038295263617,0.99680024,0.368421052631579,5.18333333333333,3.90092581603678,1.32874440011767,0.821956597416088,"Outside","Red","Outside","Red","3","9"
