,francolin; crested,starling; superb,morning-thrush; spotted,shrike; northern white crowned,dove; ring-necked,goshawk; eastern pale chanting,bushshrike; rosy-patched,bulbul; common,boubou; slate-colored,babbler; northern pied,brownbul; northern,cordonbleu; blue-capped,bushshrike; gray-headed,falcon; pygmy,green wood hoopoe,grey backed camaroptera,go-away-bird; white-bellied,lapwing; black-headed,sandgrouse; black-faced,puffback; black-backed,prinia; tawny-flanked,drongo; fork-tailed,starling; hildebrandt's,crombec; northern,bustard; buff-crested,starling; fischer's,vulture; white-backed,roller; lilac-breasted,shrike; white-rumped,scimitarbill; abyssinian,canary; white-bellied,sunbird; beautiful,wren-warbler; gray,african hoopoe,mousebird; blue-naped,parisoma; banded,woodpecker; bearded,weaver; white headed buffalo,scrub-robin; red-backed,cisticola; tiny,mousebird; white-headed,oxpecker; red-billed,starling; wattled,swift; white-rumped,oriole; african black-headed,flycatcher; african gray,francolin; yellow-necked,masked-weaver; lesser,sunbird; eastern violet-backed,sparrow-weaver; white-browed,bushshrike; sulphur-breasted,sparrow; parrot-billed,batis; chinspot,fiscal; taita,waxbill; black-faced,wood-dove; emerald-spotted,yellow necked spurfowl,woodpecker; nubian,lapwing; crowned,spotted thick knee,weaver; black-necked,buffalo-weaver; red-billed,woodpecker; cardinal,dove; african mourning,chatterer; rufous,spotted palm thrush,weaver; gray headed social,eagle-owl; verreaux's,spotted thicknee,weaver; vitelline masked,bee-eater; little,fiscal; long-tailed,grey headed sparrow,barbet; red-and-yellow,goshawk; gabar,cisticola; zitting,white browed scrub robin,siffling cisticola,dove; laughing,ostrich; common,white-eye; abyssinian,bustard; white-bellied,pytilia; green-winged,brubru,hornbill; von der decken's,tchagra; brown-crowned,barbet; black-throated,tchagra; black-crowned,thrush; african bare-eyed,tit; red-throated,grenadier; purple,cisticola; rattling,sparrow-lark; fischer's,sandgrouse; chestnut-bellied,longclaw; pangani,secretary bird,eagle; tawny,courser; three-banded,eremomela; yellow-bellied,apalis; yellow-breasted,two banded courser,guineafowl; helmeted,barbet; d'arnaud's,sparrow; yellow-spotted bush,black headed weaver,hornbill; northern red-billed,flycatcher; southern black,lark; pink-breasted,oxpecker; yellow-billed,weaver; speckle-fronted,grosbeak canary;northern,banded couser,yellow spotted petronia,bunting; somali,crombec; red-faced,southern grosbeak canary,cordonbleu; red-cheeked,tinkerbird; red-fronted,hornbill; african gray,owlet; pearl-spotted,prinia; red-fronted,barbet; red-fronted,mousebird; speckled,sparrow; chestnut,barbet; spot-flanked,honeyguide; lesser,sunbird; scarlet-chested,harrier-hawk; african,african pied wagtail,openbill; african,hawk-eagle; african,nan,bittern; little,eagle; martial,cisticola; desert,african paradise flycatcher,parrot; red-bellied,hamerkop,swallow; lesser striped,swallow; red-rumped,bustard; kori,Spot
0,0.043478260869565216,0.039525691699604744,0.007905138339920948,0.003952569169960474,0.05928853754940711,0.003952569169960474,0.003952569169960474,0.003952569169960474,0.023715415019762844,0.11857707509881422,0.019762845849802372,0.007905138339920948,0.003952569169960474,0.011857707509881422,0.039525691699604744,0.007905138339920948,0.039525691699604744,0.003952569169960474,0.05138339920948617,0.007905138339920948,0.007905138339920948,0.019762845849802372,0.011857707509881422,0.003952569169960474,0.007905138339920948,0.019762845849802372,0.003952569169960474,0.007905138339920948,0.007905138339920948,0.007905138339920948,0.003952569169960474,0.023715415019762844,0.003952569169960474,0.007905138339920948,0.019762845849802372,0.003952569169960474,0.003952569169960474,0.02766798418972332,0.007905138339920948,0.007905138339920948,0.05138339920948617,0.011857707509881422,0.09486166007905138,0.015810276679841896,0.003952569169960474,0.003952569169960474,0.019762845849802372,0.043478260869565216,0.007905138339920948,0.003952569169960474,0.003952569169960474,0.007905138339920948,0.007905138339920948,0.003952569169960474,0.007905138339920948,0.0,0.0,0.0,0.0,0.0,0.0,0.0,0.0,0.0,0.0,0.0,0.0,0.0,0.0,0.0,0.0,0.0,0.0,0.0,0.0,0.0,0.0,0.0,0.0,0.0,0.0,0.0,0.0,0.0,0.0,0.0,0.0,0.0,0.0,0.0,0.0,0.0,0.0,0.0,0.0,0.0,0.0,0.0,0.0,0.0,0.0,0.0,0.0,0.0,0.0,0.0,0.0,0.0,0.0,0.0,0.0,0.0,0.0,0.0,0.0,0.0,0.0,0.0,0.0,0.0,0.0,0.0,0.0,0.0,0.0,0.0,0.0,0.0,0.0,0.0,0.0,0.0,0.0,0.0,0.0,0.0,0.0,0.0,0.0,0.0,0.0,1A
1,0.006578947368421052,0.039473684210526314,0.013157894736842105,0.0,0.07236842105263158,0.013157894736842105,0.0,0.013157894736842105,0.046052631578947366,0.08552631578947369,0.019736842105263157,0.0,0.0,0.0,0.013157894736842105,0.0,0.046052631578947366,0.013157894736842105,0.013157894736842105,0.0,0.03289473684210526,0.019736842105263157,0.02631578947368421,0.0,0.006578947368421052,0.0,0.0,0.013157894736842105,0.0,0.0,0.0,0.019736842105263157,0.013157894736842105,0.0,0.02631578947368421,0.039473684210526314,0.0,0.07236842105263158,0.006578947368421052,0.0,0.046052631578947366,0.019736842105263157,0.039473684210526314,0.0,0.006578947368421052,0.006578947368421052,0.07236842105263158,0.019736842105263157,0.0,0.0,0.0,0.0,0.0,0.0,0.0,0.013157894736842105,0.013157894736842105,0.013157894736842105,0.02631578947368421,0.013157894736842105,0.013157894736842105,0.006578947368421052,0.006578947368421052,0.013157894736842105,0.0,0.0,0.0,0.0,0.0,0.0,0.0,0.0,0.0,0.0,0.0,0.0,0.0,0.0,0.0,0.0,0.0,0.0,0.0,0.0,0.0,0.0,0.0,0.0,0.0,0.0,0.0,0.0,0.0,0.0,0.0,0.0,0.0,0.0,0.0,0.0,0.0,0.0,0.0,0.0,0.0,0.0,0.0,0.0,0.0,0.0,0.0,0.0,0.0,0.0,0.0,0.0,0.0,0.0,0.0,0.0,0.0,0.0,0.0,0.0,0.0,0.0,0.0,0.0,0.0,0.0,0.0,0.0,0.0,0.0,0.0,0.0,0.0,0.0,0.0,0.0,0.0,1B
2,0.032467532467532464,0.025974025974025976,0.0,0.0,0.11038961038961038,0.0,0.0,0.006493506493506494,0.006493506493506494,0.06493506493506493,0.01948051948051948,0.0,0.006493506493506494,0.0,0.03896103896103896,0.006493506493506494,0.07142857142857142,0.012987012987012988,0.012987012987012988,0.012987012987012988,0.0,0.012987012987012988,0.025974025974025976,0.012987012987012988,0.012987012987012988,0.0,0.0,0.0,0.0,0.0,0.07792207792207792,0.045454545454545456,0.006493506493506494,0.032467532467532464,0.01948051948051948,0.045454545454545456,0.0,0.03896103896103896,0.006493506493506494,0.0,0.032467532467532464,0.0,0.0,0.0,0.006493506493506494,0.006493506493506494,0.0,0.0,0.0,0.012987012987012988,0.0,0.0,0.012987012987012988,0.0,0.025974025974025976,0.0,0.0,0.012987012987012988,0.032467532467532464,0.0,0.006493506493506494,0.0,0.0,0.0,0.025974025974025976,0.006493506493506494,0.012987012987012988,0.025974025974025976,0.006493506493506494,0.006493506493506494,0.0,0.0,0.0,0.0,0.0,0.0,0.0,0.0,0.0,0.0,0.0,0.0,0.0,0.0,0.0,0.0,0.0,0.0,0.0,0.0,0.0,0.0,0.0,0.0,0.0,0.0,0.0,0.0,0.0,0.0,0.0,0.0,0.0,0.0,0.0,0.0,0.0,0.0,0.0,0.0,0.0,0.0,0.0,0.0,0.0,0.0,0.0,0.0,0.0,0.0,0.0,0.0,0.0,0.0,0.0,0.0,0.0,0.0,0.0,0.0,0.0,0.0,0.0,0.0,0.0,0.0,0.0,0.0,0.0,0.0,0.0,1C
3,0.014492753623188406,0.00966183574879227,0.028985507246376812,0.00966183574879227,0.033816425120772944,0.00966183574879227,0.0,0.01932367149758454,0.028985507246376812,0.12077294685990338,0.0,0.0,0.0,0.01932367149758454,0.014492753623188406,0.0,0.04830917874396135,0.0,0.06280193236714976,0.004830917874396135,0.00966183574879227,0.004830917874396135,0.00966183574879227,0.0,0.0,0.014492753623188406,0.0,0.0,0.0,0.0,0.0,0.01932367149758454,0.00966183574879227,0.01932367149758454,0.00966183574879227,0.024154589371980676,0.0,0.05314009661835749,0.014492753623188406,0.0,0.00966183574879227,0.0,0.0,0.01932367149758454,0.0,0.00966183574879227,0.0,0.03864734299516908,0.00966183574879227,0.033816425120772944,0.0,0.01932367149758454,0.00966183574879227,0.01932367149758454,0.00966183574879227,0.00966183574879227,0.0,0.00966183574879227,0.0,0.0,0.00966183574879227,0.00966183574879227,0.01932367149758454,0.0,0.028985507246376812,0.0,0.0,0.0,0.0,0.0,0.01932367149758454,0.01932367149758454,0.00966183574879227,0.01932367149758454,0.01932367149758454,0.00966183574879227,0.004830917874396135,0.00966183574879227,0.00966183574879227,0.0,0.0,0.0,0.0,0.0,0.0,0.0,0.0,0.0,0.0,0.0,0.0,0.0,0.0,0.0,0.0,0.0,0.0,0.0,0.0,0.0,0.0,0.0,0.0,0.0,0.0,0.0,0.0,0.0,0.0,0.0,0.0,0.0,0.0,0.0,0.0,0.0,0.0,0.0,0.0,0.0,0.0,0.0,0.0,0.0,0.0,0.0,0.0,0.0,0.0,0.0,0.0,0.0,0.0,0.0,0.0,0.0,0.0,0.0,0.0,0.0,0.0,1D
4,0.0379746835443038,0.06329113924050633,0.012658227848101266,0.0,0.0189873417721519,0.0,0.0,0.012658227848101266,0.006329113924050633,0.0,0.0,0.0,0.006329113924050633,0.006329113924050633,0.0,0.0,0.06329113924050633,0.0,0.04430379746835443,0.0,0.0,0.006329113924050633,0.03164556962025317,0.0,0.012658227848101266,0.0,0.0,0.0,0.0,0.0,0.0,0.0189873417721519,0.006329113924050633,0.0189873417721519,0.05063291139240506,0.056962025316455694,0.0,0.056962025316455694,0.012658227848101266,0.012658227848101266,0.0379746835443038,0.0189873417721519,0.0,0.0,0.0,0.0189873417721519,0.012658227848101266,0.012658227848101266,0.0,0.0759493670886076,0.0,0.02531645569620253,0.0189873417721519,0.0,0.0,0.0,0.006329113924050633,0.012658227848101266,0.0,0.0,0.0,0.012658227848101266,0.006329113924050633,0.006329113924050633,0.0,0.0,0.012658227848101266,0.012658227848101266,0.0,0.05063291139240506,0.0,0.0,0.0,0.006329113924050633,0.0,0.0,0.0,0.0,0.0,0.012658227848101266,0.0379746835443038,0.012658227848101266,0.012658227848101266,0.012658227848101266,0.006329113924050633,0.0,0.0,0.0,0.0,0.0,0.0,0.0,0.0,0.0,0.0,0.0,0.0,0.0,0.0,0.0,0.0,0.0,0.0,0.0,0.0,0.0,0.0,0.0,0.0,0.0,0.0,0.0,0.0,0.0,0.0,0.0,0.0,0.0,0.0,0.0,0.0,0.0,0.0,0.0,0.0,0.0,0.0,0.0,0.0,0.0,0.0,0.0,0.0,0.0,0.0,0.0,0.0,0.0,0.0,0.0,0.0,1E
5,0.06164383561643835,0.0136986301369863,0.0273972602739726,0.0,0.0273972602739726,0.0,0.0,0.0,0.02054794520547945,0.1506849315068493,0.0,0.0,0.00684931506849315,0.0,0.0,0.0,0.0547945205479452,0.0,0.07534246575342465,0.00684931506849315,0.0,0.0136986301369863,0.0,0.00684931506849315,0.0273972602739726,0.0958904109589041,0.0,0.0,0.0,0.0136986301369863,0.0,0.02054794520547945,0.0136986301369863,0.00684931506849315,0.00684931506849315,0.03424657534246575,0.0,0.0273972602739726,0.0136986301369863,0.0,0.0,0.0,0.0,0.0,0.0,0.00684931506849315,0.00684931506849315,0.00684931506849315,0.0,0.03424657534246575,0.0,0.0,0.00684931506849315,0.0,0.0,0.00684931506849315,0.0,0.0410958904109589,0.02054794520547945,0.0,0.0,0.00684931506849315,0.0,0.0,0.0547945205479452,0.0,0.0273972602739726,0.0,0.0,0.0136986301369863,0.00684931506849315,0.0,0.0,0.0,0.00684931506849315,0.0,0.0,0.0,0.0,0.0,0.0,0.0136986301369863,0.0,0.0,0.0,0.00684931506849315,0.00684931506849315,0.0,0.0,0.0,0.0,0.0,0.0,0.0,0.0,0.0,0.0,0.0,0.0,0.0,0.0,0.0,0.0,0.0,0.0,0.0,0.0,0.0,0.0,0.0,0.0,0.0,0.0,0.0,0.0,0.0,0.0,0.0,0.0,0.0,0.0,0.0,0.0,0.0,0.0,0.0,0.0,0.0,0.0,0.0,0.0,0.0,0.0,0.0,0.0,0.0,0.0,0.0,0.0,0.0,0.0,2A
6,0.05056179775280899,0.02247191011235955,0.0056179775280898875,0.0056179775280898875,0.06741573033707865,0.0056179775280898875,0.011235955056179775,0.0,0.0449438202247191,0.056179775280898875,0.0,0.0,0.0056179775280898875,0.011235955056179775,0.0,0.0,0.0449438202247191,0.0,0.056179775280898875,0.011235955056179775,0.011235955056179775,0.0056179775280898875,0.0056179775280898875,0.011235955056179775,0.028089887640449437,0.011235955056179775,0.0,0.0,0.0,0.0056179775280898875,0.0,0.033707865168539325,0.016853932584269662,0.011235955056179775,0.0,0.03932584269662921,0.0,0.02247191011235955,0.011235955056179775,0.0056179775280898875,0.0056179775280898875,0.02247191011235955,0.0,0.0,0.0,0.016853932584269662,0.016853932584269662,0.0,0.016853932584269662,0.02247191011235955,0.0,0.0449438202247191,0.0056179775280898875,0.0,0.0,0.0056179775280898875,0.0,0.016853932584269662,0.028089887640449437,0.0,0.0056179775280898875,0.0,0.0,0.0,0.056179775280898875,0.0,0.0,0.0,0.0,0.0,0.016853932584269662,0.011235955056179775,0.0,0.011235955056179775,0.0,0.0,0.0,0.0,0.0056179775280898875,0.0,0.0,0.0,0.0,0.0,0.0056179775280898875,0.0,0.028089887640449437,0.011235955056179775,0.0056179775280898875,0.011235955056179775,0.0056179775280898875,0.0056179775280898875,0.0,0.0,0.0,0.0,0.0,0.0,0.0,0.0,0.0,0.0,0.0,0.0,0.0,0.0,0.0,0.0,0.0,0.0,0.0,0.0,0.0,0.0,0.0,0.0,0.0,0.0,0.0,0.0,0.0,0.0,0.0,0.0,0.0,0.0,0.0,0.0,0.0,0.0,0.0,0.0,0.0,0.0,0.0,0.0,0.0,0.0,0.0,0.0,0.0,2B
7,0.03333333333333333,0.0875,0.016666666666666666,0.0,0.029166666666666667,0.004166666666666667,0.0125,0.0,0.004166666666666667,0.06666666666666667,0.0,0.0,0.0125,0.0,0.0,0.0,0.0125,0.0,0.0375,0.0,0.008333333333333333,0.0125,0.020833333333333332,0.0,0.0125,0.016666666666666666,0.0,0.0,0.008333333333333333,0.004166666666666667,0.0,0.016666666666666666,0.016666666666666666,0.0,0.0,0.016666666666666666,0.0,0.025,0.016666666666666666,0.020833333333333332,0.0,0.004166666666666667,0.0,0.0,0.004166666666666667,0.016666666666666666,0.0,0.0,0.0,0.0125,0.0,0.0125,0.004166666666666667,0.008333333333333333,0.0,0.004166666666666667,0.0,0.016666666666666666,0.03333333333333333,0.0,0.0,0.0125,0.0,0.0,0.0,0.0,0.0,0.0,0.0,0.0,0.016666666666666666,0.004166666666666667,0.0,0.0,0.0,0.0,0.0,0.0,0.0,0.0,0.0,0.016666666666666666,0.0,0.0,0.008333333333333333,0.0,0.0125,0.0,0.0,0.0,0.0,0.0125,0.2625,0.0125,0.004166666666666667,0.004166666666666667,0.004166666666666667,0.0,0.0,0.0,0.0,0.0,0.0,0.0,0.0,0.0,0.0,0.0,0.0,0.0,0.0,0.0,0.0,0.0,0.0,0.0,0.0,0.0,0.0,0.0,0.0,0.0,0.0,0.0,0.0,0.0,0.0,0.0,0.0,0.0,0.0,0.0,0.0,0.0,0.0,0.0,0.0,0.0,0.0,0.0,0.0,2C
8,0.03314917127071823,0.09392265193370165,0.016574585635359115,0.0,0.03314917127071823,0.0,0.016574585635359115,0.0,0.022099447513812154,0.06629834254143646,0.0,0.0,0.022099447513812154,0.0,0.0,0.0,0.03867403314917127,0.0,0.022099447513812154,0.0,0.011049723756906077,0.0,0.0,0.0,0.022099447513812154,0.03314917127071823,0.0,0.0055248618784530384,0.016574585635359115,0.011049723756906077,0.0055248618784530384,0.0055248618784530384,0.0055248618784530384,0.0055248618784530384,0.0,0.016574585635359115,0.0,0.03314917127071823,0.011049723756906077,0.011049723756906077,0.0,0.0,0.0,0.0,0.0055248618784530384,0.022099447513812154,0.0,0.0,0.0,0.0,0.0,0.022099447513812154,0.0,0.011049723756906077,0.0,0.0,0.0,0.022099447513812154,0.011049723756906077,0.0,0.0,0.0,0.011049723756906077,0.0,0.0,0.0,0.0,0.0,0.0,0.0,0.0,0.0,0.0,0.0,0.0,0.0,0.0,0.0,0.0,0.0,0.0,0.0055248618784530384,0.0,0.0,0.0,0.0,0.011049723756906077,0.0,0.0,0.0,0.0,0.0,0.2596685082872928,0.0,0.0,0.016574585635359115,0.016574585635359115,0.016574585635359115,0.011049723756906077,0.0,0.0,0.0,0.0,0.0,0.0,0.0,0.0,0.0,0.0,0.0,0.0,0.0,0.0,0.0,0.0,0.0,0.0,0.0,0.0,0.0,0.0,0.0,0.0,0.0,0.0,0.0,0.0,0.0,0.0,0.0,0.0,0.0,0.0,0.0,0.0,0.0,0.0,0.0,0.0,0.0,0.0,2D
9,0.04,0.06285714285714286,0.0,0.0,0.03428571428571429,0.0,0.005714285714285714,0.0,0.02857142857142857,0.06857142857142857,0.0,0.0,0.011428571428571429,0.0,0.0,0.0,0.02857142857142857,0.0,0.04,0.005714285714285714,0.011428571428571429,0.0,0.0,0.0,0.022857142857142857,0.03428571428571429,0.0,0.0,0.0,0.011428571428571429,0.0,0.022857142857142857,0.017142857142857144,0.0,0.0,0.02857142857142857,0.005714285714285714,0.06285714285714286,0.017142857142857144,0.05142857142857143,0.02857142857142857,0.0,0.0,0.0,0.0,0.005714285714285714,0.0,0.0,0.011428571428571429,0.011428571428571429,0.0,0.011428571428571429,0.02857142857142857,0.005714285714285714,0.0,0.0,0.0,0.017142857142857144,0.02857142857142857,0.0,0.0,0.0,0.0,0.0,0.0,0.0,0.0,0.005714285714285714,0.0,0.0,0.017142857142857144,0.0,0.0,0.0,0.0,0.0,0.0,0.0,0.0,0.0,0.0,0.0,0.0,0.0,0.011428571428571429,0.0,0.017142857142857144,0.0,0.0,0.0,0.0,0.0,0.02857142857142857,0.005714285714285714,0.0,0.005714285714285714,0.0,0.0,0.022857142857142857,0.005714285714285714,0.017142857142857144,0.09714285714285714,0.005714285714285714,0.0,0.0,0.0,0.0,0.0,0.0,0.0,0.0,0.0,0.0,0.0,0.0,0.0,0.0,0.0,0.0,0.0,0.0,0.0,0.0,0.0,0.0,0.0,0.0,0.0,0.0,0.0,0.0,0.0,0.0,0.0,0.0,0.0,0.0,0.0,0.0,0.0,0.0,2E
10,0.04093567251461988,0.07017543859649122,0.005847953216374269,0.0,0.029239766081871343,0.011695906432748537,0.0,0.0,0.023391812865497075,0.09941520467836257,0.0,0.0,0.011695906432748537,0.0,0.0,0.0,0.08771929824561403,0.0,0.03508771929824561,0.011695906432748537,0.0,0.005847953216374269,0.0,0.017543859649122806,0.011695906432748537,0.05847953216374269,0.0,0.0,0.0,0.011695906432748537,0.005847953216374269,0.03508771929824561,0.029239766081871343,0.0,0.03508771929824561,0.017543859649122806,0.0,0.029239766081871343,0.011695906432748537,0.005847953216374269,0.03508771929824561,0.03508771929824561,0.0,0.0,0.0,0.0,0.011695906432748537,0.011695906432748537,0.005847953216374269,0.0,0.0,0.017543859649122806,0.005847953216374269,0.005847953216374269,0.017543859649122806,0.011695906432748537,0.0,0.023391812865497075,0.0,0.0,0.0,0.0,0.0,0.005847953216374269,0.03508771929824561,0.0,0.0,0.0,0.0,0.0,0.0,0.005847953216374269,0.0,0.0,0.0,0.0,0.0,0.0,0.005847953216374269,0.0,0.0,0.0,0.011695906432748537,0.005847953216374269,0.0,0.0,0.011695906432748537,0.017543859649122806,0.0,0.005847953216374269,0.0,0.005847953216374269,0.0,0.0,0.0,0.0,0.0,0.0,0.0,0.0,0.0,0.005847953216374269,0.0,0.0,0.0,0.0,0.0,0.0,0.0,0.0,0.0,0.0,0.0,0.0,0.0,0.0,0.0,0.0,0.0,0.0,0.0,0.0,0.0,0.0,0.0,0.0,0.0,0.0,0.0,0.0,0.0,0.0,0.0,0.0,0.0,0.0,0.0,0.0,0.0,0.0,0.0,3A
11,0.0782122905027933,0.055865921787709494,0.01675977653631285,0.0,0.0446927374301676,0.00558659217877095,0.0111731843575419,0.0111731843575419,0.0446927374301676,0.09497206703910614,0.0,0.0,0.00558659217877095,0.0,0.0,0.0,0.07262569832402235,0.0,0.0670391061452514,0.0111731843575419,0.0,0.01675977653631285,0.0111731843575419,0.00558659217877095,0.01675977653631285,0.0335195530726257,0.0,0.0,0.0,0.0223463687150838,0.0,0.03910614525139665,0.0111731843575419,0.00558659217877095,0.0,0.0111731843575419,0.0,0.0782122905027933,0.0223463687150838,0.00558659217877095,0.0,0.01675977653631285,0.0,0.0,0.0,0.0,0.0111731843575419,0.0,0.0,0.0111731843575419,0.0,0.00558659217877095,0.0111731843575419,0.00558659217877095,0.0,0.0111731843575419,0.0,0.027932960893854747,0.0,0.0,0.0,0.0,0.0,0.01675977653631285,0.0,0.0,0.0,0.0,0.0,0.0,0.0,0.0111731843575419,0.0,0.0,0.0,0.0,0.0,0.0,0.00558659217877095,0.0,0.0,0.0111731843575419,0.0,0.00558659217877095,0.0,0.0,0.027932960893854747,0.0,0.0,0.0,0.0,0.0,0.0,0.0,0.0,0.0,0.0,0.0,0.0,0.0,0.0,0.0,0.0111731843575419,0.0111731843575419,0.0,0.0,0.0,0.0,0.0,0.0,0.0,0.0,0.0,0.0,0.0,0.0,0.0,0.0,0.0,0.0,0.0,0.0,0.0,0.0,0.0,0.0,0.0,0.0,0.0,0.0,0.0,0.0,0.0,0.0,0.0,0.0,0.0,0.0,0.0,0.0,0.0,3B
12,0.053475935828877004,0.0427807486631016,0.0053475935828877,0.0,0.026737967914438502,0.0,0.016042780748663103,0.0053475935828877,0.0213903743315508,0.03208556149732621,0.0,0.0,0.0053475935828877,0.0,0.0,0.0,0.053475935828877004,0.0,0.0427807486631016,0.0106951871657754,0.0,0.0,0.016042780748663103,0.0,0.016042780748663103,0.0374331550802139,0.0,0.0,0.0481283422459893,0.0213903743315508,0.0,0.0213903743315508,0.0213903743315508,0.0,0.0,0.0213903743315508,0.0,0.0481283422459893,0.016042780748663103,0.0427807486631016,0.0,0.03208556149732621,0.0962566844919786,0.0,0.0,0.0053475935828877,0.016042780748663103,0.0,0.0,0.0,0.0,0.016042780748663103,0.026737967914438502,0.0053475935828877,0.0,0.0106951871657754,0.0,0.0427807486631016,0.0106951871657754,0.0,0.0,0.0,0.0053475935828877,0.03208556149732621,0.0,0.0,0.0,0.0,0.0,0.0,0.0,0.0,0.0,0.0106951871657754,0.0,0.0,0.0,0.0,0.0,0.016042780748663103,0.0,0.0053475935828877,0.0,0.0,0.0,0.0,0.0213903743315508,0.0,0.0053475935828877,0.0,0.0,0.0,0.0,0.0053475935828877,0.0,0.0,0.0,0.0,0.0,0.0,0.0,0.0,0.0,0.0,0.0106951871657754,0.0,0.0,0.0,0.0,0.0,0.0,0.0,0.0,0.0,0.0,0.0,0.0,0.0,0.0,0.0,0.0,0.0,0.0,0.0,0.0,0.0,0.0,0.0,0.0,0.0,0.0,0.0,0.0,0.0,0.0,0.0,0.0,0.0,0.0,0.0,0.0,3C
13,0.03225806451612903,0.06451612903225806,0.0064516129032258064,0.0,0.01935483870967742,0.0,0.012903225806451613,0.0,0.03225806451612903,0.09032258064516129,0.0,0.0,0.025806451612903226,0.0,0.0,0.0,0.05161290322580645,0.0,0.03870967741935484,0.0,0.0,0.0064516129032258064,0.0,0.0,0.025806451612903226,0.025806451612903226,0.0,0.0064516129032258064,0.05806451612903226,0.0064516129032258064,0.012903225806451613,0.025806451612903226,0.01935483870967742,0.0,0.0,0.0064516129032258064,0.0,0.05806451612903226,0.01935483870967742,0.012903225806451613,0.0,0.05806451612903226,0.0,0.0,0.0064516129032258064,0.0,0.04516129032258064,0.0064516129032258064,0.0064516129032258064,0.0,0.0,0.012903225806451613,0.01935483870967742,0.0,0.01935483870967742,0.0064516129032258064,0.0,0.025806451612903226,0.01935483870967742,0.0,0.0,0.03225806451612903,0.0,0.01935483870967742,0.0,0.0,0.0,0.0,0.0,0.0,0.0,0.0064516129032258064,0.0,0.0,0.0,0.0,0.0,0.0,0.0,0.0,0.0,0.012903225806451613,0.0,0.01935483870967742,0.0,0.0,0.0,0.0,0.0064516129032258064,0.0,0.0,0.0,0.0,0.0064516129032258064,0.0,0.0,0.0,0.0,0.0,0.0,0.0,0.0,0.0,0.0,0.0,0.012903225806451613,0.0,0.0,0.0,0.0,0.0,0.0,0.0,0.0,0.0,0.0,0.0,0.0,0.0,0.0,0.0,0.0,0.0,0.0,0.0,0.0,0.0,0.0,0.0,0.0,0.0,0.0,0.0,0.0,0.0,0.0,0.0,0.0,0.0,0.0,0.0,3D
14,0.026737967914438502,0.0481283422459893,0.0106951871657754,0.0,0.0213903743315508,0.0,0.016042780748663103,0.0,0.026737967914438502,0.0213903743315508,0.0,0.0,0.0,0.0,0.0,0.0,0.026737967914438502,0.0,0.053475935828877004,0.0,0.0,0.0053475935828877,0.0,0.0,0.016042780748663103,0.18716577540106952,0.0,0.0,0.0106951871657754,0.0,0.0481283422459893,0.03208556149732621,0.0213903743315508,0.0053475935828877,0.0,0.026737967914438502,0.0,0.0481283422459893,0.016042780748663103,0.016042780748663103,0.026737967914438502,0.0213903743315508,0.0,0.0,0.0,0.0,0.03208556149732621,0.0,0.0053475935828877,0.0,0.0,0.0053475935828877,0.026737967914438502,0.0,0.0,0.0,0.0,0.0213903743315508,0.03208556149732621,0.0,0.0,0.0,0.0053475935828877,0.016042780748663103,0.026737967914438502,0.0,0.0,0.0,0.0,0.0,0.016042780748663103,0.0,0.0,0.0,0.0,0.0,0.0,0.0,0.0106951871657754,0.0,0.0,0.016042780748663103,0.0,0.0,0.0,0.0,0.0053475935828877,0.0,0.0053475935828877,0.0,0.0,0.0,0.0,0.0,0.0,0.0,0.0,0.0,0.0,0.0,0.0,0.0,0.0,0.0106951871657754,0.0,0.0,0.0053475935828877,0.0053475935828877,0.0213903743315508,0.0,0.0,0.0,0.0,0.0,0.0,0.0,0.0,0.0,0.0,0.0,0.0,0.0,0.0,0.0,0.0,0.0,0.0,0.0,0.0,0.0,0.0,0.0,0.0,0.0,0.0,0.0,0.0,0.0,0.0,0.0,0.0,3E
15,0.014150943396226415,0.0047169811320754715,0.0,0.0,0.04716981132075472,0.0047169811320754715,0.0047169811320754715,0.0,0.02358490566037736,0.02358490566037736,0.0,0.0,0.009433962264150943,0.0,0.02358490566037736,0.0,0.03773584905660377,0.014150943396226415,0.05188679245283019,0.0047169811320754715,0.0,0.0047169811320754715,0.02358490566037736,0.018867924528301886,0.0330188679245283,0.08018867924528301,0.0,0.0,0.0,0.009433962264150943,0.0,0.02358490566037736,0.0047169811320754715,0.0,0.0,0.018867924528301886,0.0,0.03773584905660377,0.0047169811320754715,0.018867924528301886,0.0,0.014150943396226415,0.2028301886792453,0.0,0.0,0.009433962264150943,0.0,0.0,0.0,0.014150943396226415,0.0,0.009433962264150943,0.02358490566037736,0.0,0.0,0.0047169811320754715,0.0,0.02830188679245283,0.0,0.0,0.0047169811320754715,0.0,0.009433962264150943,0.0047169811320754715,0.0,0.0,0.0,0.0,0.0,0.0,0.0,0.0,0.0,0.009433962264150943,0.0,0.0,0.0,0.0,0.0,0.0,0.0,0.0,0.0,0.014150943396226415,0.009433962264150943,0.0,0.0330188679245283,0.0,0.0,0.0,0.0,0.0,0.0,0.0,0.0,0.0,0.0,0.0,0.0,0.0,0.0,0.0,0.0,0.009433962264150943,0.0,0.009433962264150943,0.0,0.0047169811320754715,0.0,0.02830188679245283,0.0047169811320754715,0.0047169811320754715,0.0047169811320754715,0.0,0.0,0.0,0.0,0.0,0.0,0.0,0.0,0.0,0.0,0.0,0.0,0.0,0.0,0.0,0.0,0.0,0.0,0.0,0.0,0.0,0.0,0.0,0.0,0.0,0.0,0.0,0.0,4A
16,0.05521472392638037,0.018404907975460124,0.0,0.0,0.03680981595092025,0.006134969325153374,0.012269938650306749,0.0,0.018404907975460124,0.04294478527607362,0.0,0.0,0.006134969325153374,0.0,0.0,0.0,0.012269938650306749,0.0,0.0736196319018405,0.018404907975460124,0.0,0.006134969325153374,0.012269938650306749,0.012269938650306749,0.03067484662576687,0.11042944785276074,0.0,0.0,0.018404907975460124,0.006134969325153374,0.006134969325153374,0.012269938650306749,0.0,0.0,0.0,0.024539877300613498,0.0,0.05521472392638037,0.006134969325153374,0.012269938650306749,0.0,0.006134969325153374,0.012269938650306749,0.0,0.0,0.006134969325153374,0.0,0.006134969325153374,0.0,0.0,0.0,0.0,0.018404907975460124,0.0,0.0,0.006134969325153374,0.0,0.03067484662576687,0.04294478527607362,0.0,0.012269938650306749,0.012269938650306749,0.006134969325153374,0.0,0.0,0.0,0.0,0.0,0.0,0.0,0.0,0.006134969325153374,0.0,0.024539877300613498,0.006134969325153374,0.0,0.0,0.0,0.0,0.0,0.0,0.0,0.0,0.012269938650306749,0.012269938650306749,0.006134969325153374,0.03680981595092025,0.0,0.0,0.012269938650306749,0.04294478527607362,0.0,0.0,0.0,0.0,0.0,0.0,0.0,0.0,0.0,0.0,0.0,0.0,0.0,0.0,0.012269938650306749,0.0,0.012269938650306749,0.0,0.018404907975460124,0.0,0.0,0.0,0.018404907975460124,0.006134969325153374,0.0,0.0,0.0,0.0,0.0,0.0,0.0,0.0,0.0,0.0,0.0,0.0,0.0,0.0,0.0,0.0,0.0,0.0,0.0,0.0,0.0,0.0,0.0,0.0,0.0,0.0,4B
17,0.03289473684210526,0.03289473684210526,0.006578947368421052,0.0,0.046052631578947366,0.013157894736842105,0.0,0.0,0.013157894736842105,0.03289473684210526,0.0,0.0,0.006578947368421052,0.0,0.0,0.0,0.03289473684210526,0.019736842105263157,0.039473684210526314,0.0,0.0,0.0,0.013157894736842105,0.0,0.02631578947368421,0.08552631578947369,0.0,0.0,0.019736842105263157,0.013157894736842105,0.0,0.02631578947368421,0.019736842105263157,0.0,0.006578947368421052,0.0,0.0,0.013157894736842105,0.0,0.019736842105263157,0.0,0.013157894736842105,0.09210526315789473,0.0,0.0,0.0,0.006578947368421052,0.0,0.0,0.02631578947368421,0.0,0.019736842105263157,0.006578947368421052,0.0,0.0,0.013157894736842105,0.0,0.019736842105263157,0.006578947368421052,0.0,0.013157894736842105,0.0,0.013157894736842105,0.006578947368421052,0.0,0.0,0.039473684210526314,0.0,0.0,0.0,0.0,0.0,0.0,0.013157894736842105,0.0,0.0,0.0,0.0,0.006578947368421052,0.0,0.03289473684210526,0.013157894736842105,0.0,0.006578947368421052,0.013157894736842105,0.0,0.05263157894736842,0.006578947368421052,0.0,0.0,0.013157894736842105,0.0,0.0,0.0,0.0,0.0,0.0,0.006578947368421052,0.0,0.0,0.0,0.0,0.0,0.006578947368421052,0.0,0.006578947368421052,0.0,0.006578947368421052,0.0,0.0,0.0,0.0,0.006578947368421052,0.006578947368421052,0.0,0.006578947368421052,0.0,0.0,0.0,0.0,0.0,0.0,0.0,0.0,0.0,0.0,0.0,0.0,0.0,0.0,0.0,0.0,0.0,0.0,0.0,0.0,0.0,0.0,0.0,0.0,0.0,4C
18,0.028368794326241134,0.0070921985815602835,0.0070921985815602835,0.0,0.028368794326241134,0.0070921985815602835,0.0070921985815602835,0.0,0.0070921985815602835,0.0,0.0,0.0,0.0,0.02127659574468085,0.0,0.0,0.028368794326241134,0.0,0.04964539007092199,0.0070921985815602835,0.0,0.014184397163120567,0.0,0.0070921985815602835,0.03546099290780142,0.10638297872340426,0.0,0.0,0.0425531914893617,0.014184397163120567,0.0,0.0,0.02127659574468085,0.0,0.0,0.02127659574468085,0.0070921985815602835,0.03546099290780142,0.014184397163120567,0.0070921985815602835,0.0,0.0070921985815602835,0.028368794326241134,0.0,0.0,0.0070921985815602835,0.0070921985815602835,0.0,0.014184397163120567,0.02127659574468085,0.0,0.028368794326241134,0.0070921985815602835,0.0,0.0,0.0,0.0,0.03546099290780142,0.03546099290780142,0.0,0.0070921985815602835,0.0,0.0070921985815602835,0.0,0.0,0.0,0.06382978723404255,0.0,0.0,0.0,0.014184397163120567,0.0,0.0,0.0425531914893617,0.0,0.0,0.0,0.0,0.0,0.0,0.0,0.0,0.0,0.0070921985815602835,0.014184397163120567,0.0,0.0425531914893617,0.0,0.0070921985815602835,0.0070921985815602835,0.014184397163120567,0.0,0.0,0.0,0.0,0.0,0.0,0.0,0.0,0.014184397163120567,0.0,0.0,0.0,0.0070921985815602835,0.0,0.0,0.0,0.014184397163120567,0.0,0.0,0.0,0.0,0.0,0.0070921985815602835,0.0,0.0,0.014184397163120567,0.0,0.0,0.0,0.0,0.0,0.0,0.0,0.0,0.0,0.0,0.0,0.0,0.0,0.0,0.0,0.0,0.0,0.0,0.0,0.0,0.0,0.0,0.0,0.0,4D
19,0.047619047619047616,0.0,0.01904761904761905,0.0,0.06666666666666667,0.009523809523809525,0.009523809523809525,0.0,0.05714285714285714,0.047619047619047616,0.0,0.0,0.009523809523809525,0.0,0.0,0.009523809523809525,0.047619047619047616,0.0,0.12380952380952381,0.0,0.0,0.0,0.0,0.0,0.047619047619047616,0.02857142857142857,0.0,0.0,0.0,0.009523809523809525,0.0,0.0380952380952381,0.02857142857142857,0.0,0.0,0.01904761904761905,0.0,0.0380952380952381,0.009523809523809525,0.02857142857142857,0.0,0.02857142857142857,0.0,0.0,0.0,0.01904761904761905,0.009523809523809525,0.0,0.0,0.0,0.0,0.0,0.01904761904761905,0.0,0.0,0.0,0.0,0.01904761904761905,0.02857142857142857,0.0,0.0,0.0,0.0,0.009523809523809525,0.0,0.0,0.0,0.0,0.0,0.0,0.0,0.009523809523809525,0.0,0.0,0.0,0.0,0.0,0.0,0.0,0.0,0.0,0.0,0.0,0.02857142857142857,0.009523809523809525,0.0,0.06666666666666667,0.009523809523809525,0.009523809523809525,0.0,0.0,0.009523809523809525,0.0,0.0,0.0,0.0,0.0,0.0,0.0,0.0,0.0,0.0,0.0,0.009523809523809525,0.0,0.0,0.0,0.01904761904761905,0.0,0.0,0.0,0.0,0.0,0.0,0.0,0.0,0.0,0.0,0.0,0.0,0.0,0.0,0.0,0.0,0.0,0.0,0.0,0.0,0.0,0.0,0.0,0.0,0.0,0.0,0.0,0.0,0.0,0.0,0.0,0.0,0.0,4E
20,0.023391812865497075,0.005847953216374269,0.011695906432748537,0.023391812865497075,0.05263157894736842,0.005847953216374269,0.011695906432748537,0.0,0.05847953216374269,0.0,0.0,0.0,0.011695906432748537,0.0,0.0,0.0,0.04678362573099415,0.0,0.05263157894736842,0.0,0.0,0.017543859649122806,0.0,0.0,0.05847953216374269,0.1695906432748538,0.0,0.0,0.011695906432748537,0.011695906432748537,0.005847953216374269,0.011695906432748537,0.017543859649122806,0.0,0.0,0.04093567251461988,0.005847953216374269,0.04093567251461988,0.005847953216374269,0.011695906432748537,0.0,0.07017543859649122,0.0,0.005847953216374269,0.0,0.011695906432748537,0.005847953216374269,0.005847953216374269,0.0,0.0,0.005847953216374269,0.0,0.017543859649122806,0.0,0.0,0.005847953216374269,0.0,0.017543859649122806,0.0,0.0,0.005847953216374269,0.0,0.0,0.0,0.0,0.0,0.0,0.0,0.0,0.0,0.0,0.023391812865497075,0.0,0.011695906432748537,0.005847953216374269,0.0,0.0,0.0,0.0,0.0,0.0,0.011695906432748537,0.0,0.005847953216374269,0.011695906432748537,0.0,0.04093567251461988,0.0,0.005847953216374269,0.0,0.0,0.0,0.0,0.0,0.0,0.0,0.0,0.0,0.0,0.0,0.0,0.0,0.0,0.005847953216374269,0.0,0.0,0.0,0.0,0.0,0.0,0.0,0.0,0.0,0.005847953216374269,0.0,0.0,0.0,0.005847953216374269,0.0,0.0,0.0,0.0,0.0,0.0,0.0,0.0,0.0,0.0,0.0,0.0,0.0,0.0,0.0,0.0,0.0,0.0,0.0,0.0,0.0,0.0,0.0,5A
21,0.04132231404958678,0.008264462809917356,0.0,0.0,0.01652892561983471,0.008264462809917356,0.0,0.0,0.04132231404958678,0.03305785123966942,0.0,0.0,0.0,0.0,0.0,0.0,0.03305785123966942,0.0,0.06611570247933884,0.01652892561983471,0.0,0.03305785123966942,0.0,0.008264462809917356,0.04132231404958678,0.15702479338842976,0.0,0.0,0.01652892561983471,0.04132231404958678,0.0,0.024793388429752067,0.03305785123966942,0.0,0.0,0.03305785123966942,0.0,0.03305785123966942,0.01652892561983471,0.03305785123966942,0.0,0.024793388429752067,0.0,0.008264462809917356,0.0,0.01652892561983471,0.0,0.0,0.008264462809917356,0.0,0.008264462809917356,0.0,0.01652892561983471,0.0,0.0,0.024793388429752067,0.0,0.01652892561983471,0.0,0.0,0.008264462809917356,0.0,0.008264462809917356,0.0,0.0,0.0,0.0,0.0,0.0,0.0,0.0,0.01652892561983471,0.0,0.01652892561983471,0.0,0.0,0.0,0.0,0.0,0.0,0.0,0.0,0.0,0.0,0.0,0.0,0.05785123966942149,0.0,0.0,0.0,0.0,0.0,0.0,0.0,0.0,0.0,0.0,0.0,0.0,0.0,0.0,0.0,0.0,0.024793388429752067,0.0,0.0,0.0,0.0,0.0,0.0,0.0,0.0,0.0,0.0,0.0,0.0,0.0,0.008264462809917356,0.0,0.0,0.0,0.0,0.0,0.0,0.0,0.0,0.0,0.0,0.0,0.0,0.0,0.0,0.0,0.0,0.0,0.0,0.0,0.0,0.0,0.0,0.0,5B
22,0.075,0.14166666666666666,0.0,0.016666666666666666,0.03333333333333333,0.008333333333333333,0.0,0.008333333333333333,0.05,0.05,0.0,0.0,0.016666666666666666,0.0,0.0,0.0,0.058333333333333334,0.0,0.041666666666666664,0.05,0.0,0.016666666666666666,0.0,0.0,0.05,0.008333333333333333,0.0,0.0,0.0,0.016666666666666666,0.0,0.03333333333333333,0.05,0.0,0.0,0.0,0.0,0.03333333333333333,0.008333333333333333,0.008333333333333333,0.0,0.0,0.0,0.0,0.0,0.0,0.0,0.0,0.0,0.0,0.0,0.0,0.016666666666666666,0.0,0.0,0.0,0.0,0.025,0.0,0.0,0.008333333333333333,0.0,0.0,0.0,0.0,0.0,0.0,0.0,0.0,0.0,0.0,0.008333333333333333,0.0,0.025,0.008333333333333333,0.0,0.0,0.0,0.0,0.0,0.0,0.0,0.0,0.0,0.025,0.0,0.058333333333333334,0.008333333333333333,0.016666666666666666,0.0,0.0,0.0,0.0,0.0,0.0,0.0,0.0,0.0,0.0,0.0,0.0,0.0,0.0,0.0,0.0,0.008333333333333333,0.0,0.008333333333333333,0.0,0.0,0.0,0.0,0.0,0.0,0.0,0.0,0.0,0.0,0.008333333333333333,0.0,0.0,0.0,0.0,0.0,0.0,0.0,0.0,0.0,0.0,0.0,0.0,0.0,0.0,0.0,0.0,0.0,0.0,0.0,0.0,0.0,0.0,5C
23,0.04285714285714286,0.0,0.0,0.014285714285714285,0.02142857142857143,0.007142857142857143,0.007142857142857143,0.0,0.03571428571428571,0.11428571428571428,0.03571428571428571,0.0,0.007142857142857143,0.0,0.0,0.0,0.05714285714285714,0.0,0.02142857142857143,0.0,0.014285714285714285,0.02142857142857143,0.0,0.0,0.02857142857142857,0.0,0.0,0.0,0.007142857142857143,0.0,0.007142857142857143,0.02857142857142857,0.02857142857142857,0.0,0.0,0.014285714285714285,0.0,0.03571428571428571,0.007142857142857143,0.02142857142857143,0.0,0.014285714285714285,0.0,0.0,0.0,0.02857142857142857,0.014285714285714285,0.0,0.007142857142857143,0.0,0.0,0.0,0.014285714285714285,0.0,0.0,0.0,0.014285714285714285,0.007142857142857143,0.0,0.0,0.02857142857142857,0.0,0.0,0.0,0.05,0.0,0.0,0.0,0.0,0.0,0.0,0.0,0.0,0.02142857142857143,0.0,0.0,0.014285714285714285,0.0,0.0,0.0,0.05,0.0,0.0,0.0,0.02857142857142857,0.0,0.04285714285714286,0.007142857142857143,0.014285714285714285,0.0,0.02142857142857143,0.0,0.0,0.0,0.0,0.0,0.0,0.0,0.0,0.0,0.0,0.0,0.0,0.02142857142857143,0.0,0.0,0.0,0.0,0.0,0.0,0.0,0.0,0.0,0.007142857142857143,0.0,0.0,0.0,0.007142857142857143,0.0,0.007142857142857143,0.0,0.0,0.0,0.0,0.0,0.0,0.0,0.0,0.0,0.0,0.0,0.0,0.0,0.0,0.0,0.0,0.0,0.0,0.0,0.0,0.0,5D
24,0.048484848484848485,0.006060606060606061,0.0,0.012121212121212121,0.03636363636363636,0.006060606060606061,0.006060606060606061,0.0,0.03636363636363636,0.048484848484848485,0.0,0.01818181818181818,0.006060606060606061,0.006060606060606061,0.0,0.0,0.03636363636363636,0.0,0.04242424242424243,0.0,0.0,0.048484848484848485,0.006060606060606061,0.0,0.024242424242424242,0.07878787878787878,0.0,0.0,0.006060606060606061,0.01818181818181818,0.0,0.012121212121212121,0.01818181818181818,0.0,0.0,0.03636363636363636,0.0,0.03636363636363636,0.01818181818181818,0.012121212121212121,0.0,0.024242424242424242,0.0,0.0,0.0,0.006060606060606061,0.0,0.0,0.0,0.0,0.0,0.0,0.024242424242424242,0.0,0.006060606060606061,0.012121212121212121,0.0,0.048484848484848485,0.0,0.0,0.006060606060606061,0.0,0.024242424242424242,0.0,0.0,0.0,0.0,0.0,0.0,0.0,0.0,0.0,0.0,0.04242424242424243,0.0,0.0,0.0,0.0,0.006060606060606061,0.0,0.0,0.0,0.012121212121212121,0.0,0.012121212121212121,0.0,0.048484848484848485,0.012121212121212121,0.0,0.0,0.012121212121212121,0.0,0.0,0.0,0.0,0.012121212121212121,0.0,0.0,0.0,0.0,0.0,0.0,0.01818181818181818,0.01818181818181818,0.0,0.0,0.0,0.006060606060606061,0.0,0.0,0.0,0.0,0.0,0.006060606060606061,0.0,0.0,0.0,0.0,0.0,0.0,0.012121212121212121,0.006060606060606061,0.0,0.0,0.0,0.0,0.0,0.0,0.0,0.0,0.0,0.0,0.0,0.0,0.0,0.0,0.0,0.0,0.0,0.0,0.0,5E
25,0.049723756906077346,0.03314917127071823,0.0,0.011049723756906077,0.049723756906077346,0.0,0.0,0.0055248618784530384,0.03867403314917127,0.09392265193370165,0.0,0.0,0.0055248618784530384,0.0,0.0,0.0,0.03867403314917127,0.0,0.07734806629834254,0.0055248618784530384,0.0,0.0055248618784530384,0.0,0.011049723756906077,0.016574585635359115,0.022099447513812154,0.0,0.0,0.022099447513812154,0.0,0.0,0.016574585635359115,0.0718232044198895,0.0,0.0,0.011049723756906077,0.0,0.022099447513812154,0.0,0.022099447513812154,0.0,0.0055248618784530384,0.09392265193370165,0.0,0.0,0.0055248618784530384,0.0,0.0,0.0,0.0,0.0055248618784530384,0.011049723756906077,0.022099447513812154,0.0,0.0,0.027624309392265192,0.0,0.016574585635359115,0.0,0.0,0.016574585635359115,0.011049723756906077,0.0,0.0,0.0,0.0,0.0,0.0,0.0,0.0,0.0,0.0,0.0,0.016574585635359115,0.0,0.0,0.0,0.0,0.0,0.0,0.0,0.0,0.0,0.0,0.0055248618784530384,0.0,0.06077348066298342,0.0055248618784530384,0.011049723756906077,0.0,0.0055248618784530384,0.0,0.0,0.0,0.0,0.0,0.0,0.0,0.0,0.0,0.0,0.0,0.011049723756906077,0.0,0.0,0.0,0.0,0.0,0.0,0.0,0.0,0.0,0.0,0.0055248618784530384,0.0,0.0,0.0,0.0,0.0,0.0,0.0,0.0,0.03314917127071823,0.0,0.0,0.0,0.0,0.0,0.0,0.0,0.0,0.0,0.0,0.0,0.0,0.0,0.0,0.0,0.0,0.0,0.0,6A
26,0.03819444444444445,0.010416666666666666,0.003472222222222222,0.08333333333333333,0.027777777777777776,0.0,0.024305555555555556,0.0,0.027777777777777776,0.03819444444444445,0.0,0.0,0.003472222222222222,0.0,0.0,0.0,0.027777777777777776,0.0,0.0625,0.027777777777777776,0.003472222222222222,0.0,0.0,0.020833333333333332,0.024305555555555556,0.017361111111111112,0.006944444444444444,0.0,0.006944444444444444,0.013888888888888888,0.010416666666666666,0.017361111111111112,0.024305555555555556,0.0,0.0,0.027777777777777776,0.0,0.04513888888888889,0.03125,0.013888888888888888,0.0,0.006944444444444444,0.020833333333333332,0.0,0.003472222222222222,0.013888888888888888,0.0,0.010416666666666666,0.006944444444444444,0.010416666666666666,0.0,0.0,0.006944444444444444,0.0,0.0,0.003472222222222222,0.0,0.013888888888888888,0.0,0.0,0.020833333333333332,0.010416666666666666,0.006944444444444444,0.0,0.0,0.0,0.0,0.0,0.0,0.006944444444444444,0.0,0.006944444444444444,0.0,0.013888888888888888,0.0,0.0,0.010416666666666666,0.0,0.0,0.0,0.0,0.0,0.006944444444444444,0.003472222222222222,0.006944444444444444,0.0,0.041666666666666664,0.013888888888888888,0.013888888888888888,0.003472222222222222,0.017361111111111112,0.0,0.0,0.0,0.0,0.0,0.003472222222222222,0.0,0.0,0.017361111111111112,0.0,0.0,0.013888888888888888,0.0,0.0,0.0,0.0,0.0,0.0,0.010416666666666666,0.0,0.0,0.0,0.010416666666666666,0.0,0.0,0.0,0.0,0.0,0.0,0.0,0.0,0.0,0.013888888888888888,0.006944444444444444,0.003472222222222222,0.0,0.0,0.0,0.0,0.0,0.0,0.0,0.0,0.0,0.0,0.0,0.0,0.0,0.0,0.0,6B
27,0.026455026455026454,0.0,0.0,0.0,0.031746031746031744,0.0,0.010582010582010581,0.0,0.047619047619047616,0.09523809523809523,0.0,0.021164021164021163,0.005291005291005291,0.0,0.0,0.0,0.042328042328042326,0.0,0.047619047619047616,0.021164021164021163,0.0,0.0,0.0,0.0,0.021164021164021163,0.0,0.0,0.0,0.0,0.005291005291005291,0.005291005291005291,0.015873015873015872,0.021164021164021163,0.0,0.0,0.015873015873015872,0.0,0.0582010582010582,0.015873015873015872,0.010582010582010581,0.0,0.0,0.15343915343915343,0.0,0.0,0.026455026455026454,0.0,0.005291005291005291,0.005291005291005291,0.0,0.0,0.010582010582010581,0.005291005291005291,0.0,0.0,0.010582010582010581,0.0,0.021164021164021163,0.005291005291005291,0.0,0.010582010582010581,0.021164021164021163,0.005291005291005291,0.005291005291005291,0.0,0.0,0.0,0.0,0.0,0.010582010582010581,0.0,0.010582010582010581,0.0,0.010582010582010581,0.005291005291005291,0.0,0.0,0.0,0.0,0.0,0.0,0.0,0.0,0.0,0.005291005291005291,0.0,0.05291005291005291,0.010582010582010581,0.010582010582010581,0.0,0.026455026455026454,0.0,0.0,0.0,0.0,0.0,0.0,0.0,0.0,0.0,0.0,0.0,0.010582010582010581,0.005291005291005291,0.0,0.0,0.0,0.0,0.0,0.015873015873015872,0.0,0.0,0.0,0.010582010582010581,0.0,0.005291005291005291,0.0,0.0,0.0,0.0,0.0,0.0,0.0,0.0,0.0,0.0,0.005291005291005291,0.0,0.0,0.0,0.0,0.0,0.0,0.0,0.0,0.0,0.0,0.0,0.0,0.0,0.0,6C
28,0.03389830508474576,0.022598870056497175,0.005649717514124294,0.0,0.02824858757062147,0.01694915254237288,0.005649717514124294,0.005649717514124294,0.022598870056497175,0.0,0.0,0.0,0.0,0.0,0.0,0.0,0.02824858757062147,0.0,0.03954802259887006,0.01694915254237288,0.0,0.022598870056497175,0.005649717514124294,0.005649717514124294,0.022598870056497175,0.07344632768361582,0.0,0.0,0.02824858757062147,0.011299435028248588,0.005649717514124294,0.022598870056497175,0.01694915254237288,0.0,0.0,0.022598870056497175,0.0,0.05649717514124294,0.011299435028248588,0.03389830508474576,0.0,0.0,0.11299435028248588,0.0,0.0,0.0,0.011299435028248588,0.0,0.0,0.0,0.0,0.03389830508474576,0.011299435028248588,0.0,0.022598870056497175,0.005649717514124294,0.0,0.0,0.02824858757062147,0.0,0.005649717514124294,0.0,0.0,0.011299435028248588,0.02824858757062147,0.0,0.0,0.0,0.0,0.011299435028248588,0.0,0.0,0.0,0.011299435028248588,0.005649717514124294,0.0,0.0,0.0,0.005649717514124294,0.0,0.0,0.0,0.0,0.0,0.005649717514124294,0.0,0.04519774011299435,0.005649717514124294,0.011299435028248588,0.0,0.0,0.0,0.0,0.0,0.0,0.0,0.005649717514124294,0.0,0.0,0.0,0.0,0.022598870056497175,0.0,0.005649717514124294,0.0,0.005649717514124294,0.0,0.005649717514124294,0.0,0.0,0.0,0.0,0.0,0.0,0.0,0.0,0.0,0.0,0.0,0.0,0.0,0.0,0.0,0.0,0.0,0.0,0.011299435028248588,0.005649717514124294,0.0,0.0,0.0,0.0,0.0,0.0,0.0,0.0,0.0,0.0,0.0,0.0,0.0,6D
29,0.03345724907063197,0.03345724907063197,0.0,0.0,0.02973977695167286,0.007434944237918215,0.01486988847583643,0.0,0.01858736059479554,0.0,0.0,0.0,0.007434944237918215,0.0,0.0,0.0,0.022304832713754646,0.0,0.04460966542750929,0.01858736059479554,0.0,0.01858736059479554,0.011152416356877323,0.007434944237918215,0.01486988847583643,0.17843866171003717,0.0,0.0,0.01858736059479554,0.0037174721189591076,0.0037174721189591076,0.01486988847583643,0.01858736059479554,0.0037174721189591076,0.02973977695167286,0.01486988847583643,0.0,0.03345724907063197,0.0037174721189591076,0.007434944237918215,0.0,0.01486988847583643,0.03717472118959108,0.0,0.0,0.007434944237918215,0.0,0.0037174721189591076,0.0,0.0,0.0,0.0037174721189591076,0.007434944237918215,0.0,0.011152416356877323,0.0037174721189591076,0.0,0.01486988847583643,0.02973977695167286,0.0,0.0037174721189591076,0.0,0.0,0.0,0.0,0.0,0.06319702602230483,0.0,0.0,0.0,0.0,0.0,0.0,0.007434944237918215,0.0,0.0,0.0,0.0,0.0037174721189591076,0.0,0.0,0.0,0.0,0.0037174721189591076,0.0037174721189591076,0.0,0.026022304832713755,0.007434944237918215,0.0,0.0,0.007434944237918215,0.0,0.0,0.007434944237918215,0.0,0.0,0.0,0.0,0.0,0.0,0.0,0.0,0.01486988847583643,0.007434944237918215,0.0,0.0,0.0,0.0,0.0,0.0,0.0,0.0,0.0,0.007434944237918215,0.0,0.0,0.0,0.0,0.02973977695167286,0.0,0.0,0.0,0.0,0.0,0.0,0.0,0.011152416356877323,0.0,0.0037174721189591076,0.04460966542750929,0.0,0.0,0.0,0.0,0.0,0.0,0.0,0.0,0.0,0.0,0.0,6E
30,0.04838709677419355,0.016129032258064516,0.0,0.0,0.056451612903225805,0.0,0.0,0.0,0.016129032258064516,0.0,0.0,0.0,0.0,0.0,0.0,0.0,0.04032258064516129,0.0,0.03225806451612903,0.0,0.0,0.0,0.0,0.0,0.04838709677419355,0.07258064516129033,0.0,0.0,0.03225806451612903,0.008064516129032258,0.0,0.024193548387096774,0.024193548387096774,0.0,0.0,0.04032258064516129,0.0,0.04032258064516129,0.024193548387096774,0.0,0.0,0.07258064516129033,0.0,0.0,0.008064516129032258,0.016129032258064516,0.0,0.0,0.008064516129032258,0.0,0.0,0.0,0.024193548387096774,0.0,0.0,0.0,0.0,0.03225806451612903,0.0,0.0,0.008064516129032258,0.0,0.008064516129032258,0.016129032258064516,0.0,0.0,0.0,0.0,0.0,0.0,0.008064516129032258,0.0,0.0,0.03225806451612903,0.0,0.0,0.0,0.0,0.0,0.0,0.03225806451612903,0.03225806451612903,0.008064516129032258,0.0,0.04032258064516129,0.0,0.04838709677419355,0.0,0.016129032258064516,0.0,0.008064516129032258,0.0,0.0,0.0,0.0,0.0,0.0,0.0,0.0,0.0,0.0,0.0,0.008064516129032258,0.016129032258064516,0.0,0.024193548387096774,0.0,0.008064516129032258,0.0,0.0,0.0,0.0,0.0,0.0,0.0,0.0,0.0,0.0,0.0,0.0,0.0,0.0,0.0,0.0,0.0,0.0,0.0,0.0,0.0,0.0,0.0,0.0,0.0,0.0,0.0,0.0,0.0,0.0,0.0,0.0,0.0,7A
31,0.007462686567164179,0.03731343283582089,0.0,0.0,0.022388059701492536,0.014925373134328358,0.022388059701492536,0.0,0.022388059701492536,0.0,0.0,0.0,0.0,0.014925373134328358,0.0,0.0,0.04477611940298507,0.0,0.022388059701492536,0.0,0.0,0.022388059701492536,0.03731343283582089,0.022388059701492536,0.014925373134328358,0.06716417910447761,0.0,0.0,0.04477611940298507,0.05970149253731343,0.0,0.05970149253731343,0.022388059701492536,0.0,0.0,0.029850746268656716,0.0,0.06716417910447761,0.022388059701492536,0.0,0.0,0.007462686567164179,0.0,0.0,0.0,0.007462686567164179,0.0,0.0,0.014925373134328358,0.0,0.0,0.0,0.022388059701492536,0.0,0.0,0.0,0.0,0.007462686567164179,0.0,0.0,0.0,0.0,0.007462686567164179,0.0,0.0,0.0,0.0,0.0,0.0,0.0,0.0,0.0,0.0,0.007462686567164179,0.0,0.0,0.0,0.0,0.0,0.0,0.029850746268656716,0.0,0.0,0.007462686567164179,0.007462686567164179,0.0,0.05223880597014925,0.0,0.029850746268656716,0.0,0.014925373134328358,0.0,0.0,0.0,0.0,0.0,0.0,0.0,0.014925373134328358,0.0,0.0,0.0,0.014925373134328358,0.029850746268656716,0.0,0.007462686567164179,0.0,0.0,0.0,0.0,0.0,0.0,0.0,0.0,0.0,0.014925373134328358,0.0,0.007462686567164179,0.0,0.0,0.0,0.0,0.0,0.0,0.0,0.0,0.014925373134328358,0.0,0.0,0.0,0.0,0.0,0.0,0.0,0.0,0.0,0.0,0.0,0.0,0.0,0.0,7B
32,0.02097902097902098,0.07692307692307693,0.006993006993006993,0.0,0.02097902097902098,0.0,0.006993006993006993,0.0,0.006993006993006993,0.0,0.0,0.0,0.006993006993006993,0.006993006993006993,0.0,0.0,0.03496503496503497,0.0,0.02097902097902098,0.0,0.0,0.0,0.03496503496503497,0.02097902097902098,0.013986013986013986,0.006993006993006993,0.0,0.0,0.013986013986013986,0.013986013986013986,0.0,0.027972027972027972,0.013986013986013986,0.0,0.0,0.027972027972027972,0.0,0.03496503496503497,0.006993006993006993,0.0,0.0,0.0,0.15384615384615385,0.0,0.0,0.0,0.0,0.0,0.02097902097902098,0.0,0.0,0.027972027972027972,0.02097902097902098,0.0,0.0,0.02097902097902098,0.0,0.02097902097902098,0.02097902097902098,0.0,0.013986013986013986,0.0,0.02097902097902098,0.006993006993006993,0.0,0.0,0.0,0.0,0.0,0.0,0.013986013986013986,0.0,0.0,0.0,0.0,0.0,0.0,0.0,0.0,0.0,0.0,0.0,0.0,0.0,0.027972027972027972,0.0,0.055944055944055944,0.0,0.02097902097902098,0.013986013986013986,0.02097902097902098,0.0,0.0,0.0,0.0,0.0,0.0,0.0,0.0,0.0,0.0,0.0,0.027972027972027972,0.03496503496503497,0.0,0.013986013986013986,0.0,0.0,0.0,0.0,0.0,0.0,0.0,0.0,0.0,0.0,0.0,0.0,0.0,0.0,0.0,0.0,0.0,0.0,0.006993006993006993,0.0,0.006993006993006993,0.0,0.0,0.0,0.0,0.0,0.0,0.0,0.0,0.0,0.0,0.0,0.0,0.0,0.0,7C
33,0.0,0.013071895424836602,0.0,0.0,0.06535947712418301,0.0,0.0196078431372549,0.0,0.0196078431372549,0.0,0.0,0.0,0.0,0.0,0.0,0.0,0.058823529411764705,0.0,0.0457516339869281,0.0,0.0,0.0196078431372549,0.05228758169934641,0.0,0.026143790849673203,0.0457516339869281,0.0,0.0,0.032679738562091505,0.013071895424836602,0.0,0.026143790849673203,0.026143790849673203,0.006535947712418301,0.0,0.0196078431372549,0.0,0.058823529411764705,0.013071895424836602,0.0,0.0,0.013071895424836602,0.0,0.0,0.0,0.0196078431372549,0.0,0.0,0.0,0.0,0.0,0.0,0.006535947712418301,0.0,0.0,0.0,0.0,0.026143790849673203,0.0,0.0,0.006535947712418301,0.0,0.0,0.0,0.0,0.0,0.0392156862745098,0.0,0.0,0.0,0.0,0.0,0.0,0.0,0.0,0.0,0.0,0.0,0.0,0.0,0.05228758169934641,0.0,0.0,0.006535947712418301,0.0784313725490196,0.0,0.032679738562091505,0.0,0.0196078431372549,0.0,0.05228758169934641,0.0,0.0,0.0,0.0,0.0,0.0,0.0,0.0,0.0,0.0,0.0,0.026143790849673203,0.013071895424836602,0.0,0.0,0.0,0.0,0.0,0.0,0.0,0.0,0.0,0.0,0.0,0.0,0.0,0.006535947712418301,0.0,0.0,0.0,0.0,0.0,0.0,0.006535947712418301,0.0,0.0196078431372549,0.0,0.0,0.0,0.013071895424836602,0.0,0.0,0.0,0.0,0.0,0.0,0.0,0.0,0.0,0.0,7D
34,0.02,0.02666666666666667,0.0,0.013333333333333334,0.06666666666666667,0.0,0.0,0.0,0.0,0.0,0.0,0.0,0.0,0.013333333333333334,0.0,0.0,0.04666666666666667,0.0,0.04,0.0,0.0,0.013333333333333334,0.02666666666666667,0.006666666666666667,0.03333333333333333,0.12666666666666668,0.0,0.0,0.013333333333333334,0.0,0.0,0.02666666666666667,0.02,0.0,0.0,0.05333333333333334,0.006666666666666667,0.06666666666666667,0.013333333333333334,0.02,0.0,0.0,0.0,0.0,0.006666666666666667,0.02,0.0,0.0,0.0,0.02666666666666667,0.0,0.013333333333333334,0.02,0.0,0.0,0.0,0.0,0.03333333333333333,0.006666666666666667,0.0,0.013333333333333334,0.0,0.013333333333333334,0.0,0.0,0.0,0.0,0.0,0.0,0.0,0.0,0.0,0.0,0.013333333333333334,0.0,0.0,0.0,0.0,0.006666666666666667,0.0,0.0,0.0,0.0,0.006666666666666667,0.013333333333333334,0.0,0.07333333333333333,0.0,0.02,0.0,0.0,0.0,0.0,0.0,0.0,0.0,0.0,0.0,0.0,0.0,0.0,0.0,0.0,0.006666666666666667,0.0,0.0,0.0,0.0,0.0,0.0,0.0,0.0,0.0,0.0,0.0,0.0,0.0,0.0,0.0,0.0,0.0,0.0,0.0,0.0,0.0,0.0,0.04,0.0,0.0,0.0,0.0,0.013333333333333334,0.0,0.0,0.0,0.0,0.0,0.0,0.0,0.0,0.0,7E
35,0.020689655172413793,0.0,0.020689655172413793,0.020689655172413793,0.041379310344827586,0.013793103448275862,0.027586206896551724,0.0,0.013793103448275862,0.14482758620689656,0.020689655172413793,0.0,0.006896551724137931,0.0,0.0,0.006896551724137931,0.05517241379310345,0.0,0.0896551724137931,0.013793103448275862,0.0,0.027586206896551724,0.006896551724137931,0.013793103448275862,0.013793103448275862,0.006896551724137931,0.0,0.0,0.0,0.020689655172413793,0.006896551724137931,0.013793103448275862,0.013793103448275862,0.006896551724137931,0.0,0.020689655172413793,0.0,0.006896551724137931,0.006896551724137931,0.013793103448275862,0.0,0.020689655172413793,0.0,0.0,0.0,0.0,0.027586206896551724,0.0,0.0,0.0,0.0,0.0,0.006896551724137931,0.006896551724137931,0.006896551724137931,0.0,0.0,0.034482758620689655,0.07586206896551724,0.0,0.006896551724137931,0.0,0.020689655172413793,0.006896551724137931,0.0,0.0,0.0,0.0,0.0,0.0,0.0,0.006896551724137931,0.0,0.0,0.0,0.0,0.006896551724137931,0.0,0.0,0.0,0.0,0.013793103448275862,0.0,0.006896551724137931,0.006896551724137931,0.0,0.027586206896551724,0.0,0.0,0.0,0.0,0.0,0.0,0.027586206896551724,0.0,0.0,0.0,0.0,0.013793103448275862,0.0,0.0,0.0,0.0,0.0,0.0,0.0,0.0,0.0,0.0,0.0,0.0,0.0,0.0,0.0,0.0,0.0,0.0,0.0,0.0,0.0,0.0,0.0,0.0,0.0,0.0,0.0,0.0,0.0,0.0,0.0,0.0,0.0,0.0,0.0,0.0,0.0,0.0,0.0,0.0,0.0,0.0,8A
36,0.02666666666666667,0.2,0.006666666666666667,0.0,0.04666666666666667,0.02,0.02,0.0,0.02666666666666667,0.04,0.0,0.0,0.0,0.006666666666666667,0.0,0.0,0.03333333333333333,0.0,0.04,0.006666666666666667,0.013333333333333334,0.0,0.0,0.013333333333333334,0.02,0.0,0.0,0.0,0.0,0.0,0.006666666666666667,0.006666666666666667,0.013333333333333334,0.0,0.0,0.03333333333333333,0.006666666666666667,0.05333333333333334,0.006666666666666667,0.0,0.0,0.0,0.0,0.013333333333333334,0.0,0.006666666666666667,0.06,0.0,0.0,0.02666666666666667,0.0,0.0,0.013333333333333334,0.02,0.0,0.0,0.02666666666666667,0.006666666666666667,0.04666666666666667,0.0,0.013333333333333334,0.0,0.006666666666666667,0.013333333333333334,0.0,0.0,0.0,0.0,0.0,0.0,0.013333333333333334,0.0,0.0,0.013333333333333334,0.0,0.0,0.006666666666666667,0.0,0.0,0.0,0.0,0.0,0.0,0.0,0.0,0.0,0.02,0.0,0.0,0.0,0.0,0.0,0.0,0.0,0.0,0.0,0.0,0.0,0.0,0.0,0.0,0.0,0.013333333333333334,0.006666666666666667,0.0,0.0,0.0,0.006666666666666667,0.0,0.0,0.0,0.0,0.0,0.0,0.0,0.0,0.0,0.0,0.0,0.0,0.0,0.0,0.0,0.0,0.0,0.0,0.0,0.006666666666666667,0.0,0.0,0.0,0.0,0.013333333333333334,0.0,0.0,0.0,0.0,0.0,0.0,0.0,0.0,8B
37,0.024793388429752067,0.06611570247933884,0.008264462809917356,0.01652892561983471,0.049586776859504134,0.01652892561983471,0.049586776859504134,0.0,0.0,0.0,0.0,0.0,0.0,0.0,0.0,0.0,0.049586776859504134,0.0,0.06611570247933884,0.008264462809917356,0.0,0.008264462809917356,0.01652892561983471,0.0,0.024793388429752067,0.0,0.0,0.0,0.0,0.01652892561983471,0.008264462809917356,0.0,0.01652892561983471,0.0,0.0,0.024793388429752067,0.0,0.09917355371900827,0.008264462809917356,0.0,0.024793388429752067,0.0,0.0,0.0,0.0,0.0,0.03305785123966942,0.0,0.0,0.0,0.0,0.0,0.0,0.024793388429752067,0.0,0.0,0.0,0.008264462809917356,0.09917355371900827,0.0,0.0,0.0,0.008264462809917356,0.0,0.0,0.0,0.0,0.0,0.0,0.0,0.04132231404958678,0.0,0.0,0.0,0.0,0.0,0.0,0.0,0.0,0.0,0.0,0.008264462809917356,0.0,0.008264462809917356,0.0,0.0,0.024793388429752067,0.0,0.0,0.0,0.0,0.0,0.049586776859504134,0.03305785123966942,0.0,0.0,0.0,0.0,0.0,0.0,0.0,0.0,0.0,0.0,0.0,0.0,0.0,0.01652892561983471,0.0,0.01652892561983471,0.0,0.0,0.0,0.0,0.01652892561983471,0.0,0.0,0.0,0.0,0.0,0.0,0.0,0.0,0.0,0.0,0.0,0.0,0.0,0.0,0.0,0.0,0.0,0.0,0.008264462809917356,0.0,0.0,0.0,0.0,0.0,0.0,0.0,8C
38,0.0,0.08661417322834646,0.007874015748031496,0.031496062992125984,0.07086614173228346,0.0,0.03937007874015748,0.0,0.03937007874015748,0.0,0.0,0.0,0.0,0.0,0.0,0.0,0.047244094488188976,0.0,0.05511811023622047,0.0,0.0,0.0,0.0,0.007874015748031496,0.023622047244094488,0.0,0.0,0.0,0.0,0.023622047244094488,0.0,0.007874015748031496,0.023622047244094488,0.015748031496062992,0.023622047244094488,0.03937007874015748,0.0,0.07086614173228346,0.023622047244094488,0.015748031496062992,0.03937007874015748,0.03937007874015748,0.0,0.0,0.0,0.007874015748031496,0.007874015748031496,0.0,0.0,0.0,0.0,0.0,0.0,0.047244094488188976,0.0,0.007874015748031496,0.0,0.015748031496062992,0.03937007874015748,0.0,0.015748031496062992,0.0,0.0,0.007874015748031496,0.0,0.0,0.0,0.0,0.0,0.0,0.031496062992125984,0.0,0.0,0.0,0.007874015748031496,0.0,0.0,0.0,0.007874015748031496,0.0,0.0,0.0,0.0,0.007874015748031496,0.0,0.0,0.023622047244094488,0.0,0.0,0.0,0.0,0.0,0.0,0.023622047244094488,0.0,0.0,0.0,0.0,0.0,0.0,0.0,0.0,0.007874015748031496,0.0,0.0,0.0,0.0,0.007874015748031496,0.0,0.0,0.0,0.0,0.0,0.0,0.0,0.0,0.0,0.0,0.0,0.0,0.0,0.0,0.0,0.0,0.0,0.0,0.0,0.0,0.0,0.0,0.0,0.0,0.0,0.0,0.0,0.0,0.0,0.0,0.0,0.0,0.0,8D
39,0.017391304347826087,0.06086956521739131,0.0,0.0,0.06086956521739131,0.017391304347826087,0.02608695652173913,0.0,0.008695652173913044,0.0,0.0,0.0,0.0,0.008695652173913044,0.0,0.0,0.0782608695652174,0.0,0.0782608695652174,0.0,0.0,0.017391304347826087,0.008695652173913044,0.02608695652173913,0.034782608695652174,0.008695652173913044,0.0,0.0,0.017391304347826087,0.06086956521739131,0.008695652173913044,0.02608695652173913,0.02608695652173913,0.008695652173913044,0.043478260869565216,0.02608695652173913,0.0,0.0782608695652174,0.034782608695652174,0.0,0.0,0.0,0.0,0.0,0.0,0.008695652173913044,0.0,0.0,0.0,0.008695652173913044,0.0,0.0,0.017391304347826087,0.008695652173913044,0.0,0.0,0.0,0.034782608695652174,0.02608695652173913,0.0,0.008695652173913044,0.0,0.008695652173913044,0.008695652173913044,0.0,0.0,0.0,0.0,0.0,0.0,0.0,0.0,0.0,0.0,0.0,0.0,0.0,0.0,0.0,0.0,0.0,0.02608695652173913,0.0,0.008695652173913044,0.0,0.0,0.02608695652173913,0.0,0.0,0.0,0.0,0.0,0.0,0.0,0.0,0.0,0.0,0.0,0.0,0.0,0.0,0.0,0.017391304347826087,0.0,0.0,0.0,0.0,0.008695652173913044,0.0,0.0,0.0,0.0,0.0,0.0,0.0,0.0,0.0,0.0,0.0,0.0,0.0,0.0,0.0,0.0,0.0,0.0,0.0,0.0,0.0,0.0,0.0,0.0,0.0,0.0,0.0,0.0,0.0,0.0,0.0,0.0,0.0,8E
40,0.07407407407407407,0.037037037037037035,0.022222222222222223,0.0,0.022222222222222223,0.0,0.02962962962962963,0.014814814814814815,0.02962962962962963,0.037037037037037035,0.0,0.0,0.0,0.0,0.0,0.0,0.05185185185185185,0.0,0.05925925925925926,0.014814814814814815,0.0,0.007407407407407408,0.0,0.0,0.02962962962962963,0.06666666666666667,0.0,0.0,0.044444444444444446,0.02962962962962963,0.007407407407407408,0.022222222222222223,0.022222222222222223,0.0,0.0,0.022222222222222223,0.0,0.037037037037037035,0.022222222222222223,0.0,0.0,0.014814814814814815,0.0,0.0,0.0,0.037037037037037035,0.0,0.0,0.0,0.0,0.0,0.0,0.037037037037037035,0.0,0.0,0.0,0.0,0.037037037037037035,0.0,0.0,0.007407407407407408,0.007407407407407408,0.0,0.014814814814814815,0.0,0.0,0.0,0.0,0.0,0.0,0.022222222222222223,0.0,0.0,0.014814814814814815,0.007407407407407408,0.0,0.0,0.0,0.0,0.0,0.0,0.0,0.0,0.0,0.02962962962962963,0.0,0.044444444444444446,0.0,0.0,0.0,0.007407407407407408,0.0,0.0,0.014814814814814815,0.0,0.0,0.0,0.0,0.0,0.0,0.0,0.0,0.0,0.0,0.0,0.0,0.0,0.0,0.0,0.0,0.0,0.0,0.0,0.0,0.0,0.0,0.0,0.0,0.0,0.0,0.0,0.0,0.0,0.0,0.0,0.0,0.0,0.0,0.0,0.0,0.0,0.0,0.0,0.0,0.0,0.0,0.0,0.0,0.0,0.0,0.0,9A
41,0.03592814371257485,0.011976047904191617,0.011976047904191617,0.0,0.023952095808383235,0.0,0.029940119760479042,0.0,0.041916167664670656,0.041916167664670656,0.0,0.0,0.0,0.0,0.0,0.0,0.059880239520958084,0.0,0.08982035928143713,0.017964071856287425,0.0,0.017964071856287425,0.011976047904191617,0.0,0.011976047904191617,0.017964071856287425,0.0,0.0,0.05389221556886228,0.0,0.005988023952095809,0.04790419161676647,0.029940119760479042,0.0,0.0,0.0,0.0,0.023952095808383235,0.005988023952095809,0.011976047904191617,0.0,0.029940119760479042,0.0,0.0,0.0,0.017964071856287425,0.017964071856287425,0.0,0.0,0.011976047904191617,0.0,0.0,0.011976047904191617,0.0,0.0,0.0,0.0,0.05389221556886228,0.011976047904191617,0.0,0.017964071856287425,0.0,0.011976047904191617,0.0,0.023952095808383235,0.0,0.0,0.0,0.0,0.0,0.0,0.005988023952095809,0.0,0.0,0.0,0.0,0.0,0.0,0.005988023952095809,0.0,0.0,0.017964071856287425,0.011976047904191617,0.0,0.0,0.0,0.08383233532934131,0.0,0.017964071856287425,0.0,0.011976047904191617,0.0,0.0,0.011976047904191617,0.0,0.0,0.0,0.0,0.0,0.0,0.0,0.0,0.0,0.0,0.0,0.005988023952095809,0.0,0.0,0.0,0.0,0.0,0.0,0.0,0.0,0.0,0.0,0.0,0.0,0.0,0.0,0.0,0.0,0.0,0.0,0.0,0.0,0.0,0.0,0.0,0.0,0.0,0.0,0.0,0.0,0.011976047904191617,0.0,0.0,0.0,0.0,0.0,0.0,9B
42,0.016260162601626018,0.07317073170731707,0.0,0.0,0.008130081300813009,0.016260162601626018,0.0,0.0,0.032520325203252036,0.0,0.0,0.0,0.0,0.0,0.0,0.0,0.04878048780487805,0.0,0.04065040650406504,0.0,0.016260162601626018,0.008130081300813009,0.016260162601626018,0.0,0.032520325203252036,0.016260162601626018,0.0,0.0,0.024390243902439025,0.0,0.008130081300813009,0.024390243902439025,0.008130081300813009,0.0,0.0,0.032520325203252036,0.0,0.07317073170731707,0.016260162601626018,0.016260162601626018,0.0,0.016260162601626018,0.0,0.0,0.0,0.016260162601626018,0.008130081300813009,0.0,0.0,0.0,0.008130081300813009,0.0,0.016260162601626018,0.0,0.0,0.0,0.0,0.024390243902439025,0.024390243902439025,0.0,0.032520325203252036,0.0,0.016260162601626018,0.0,0.10569105691056911,0.0,0.0,0.0,0.0,0.0,0.0,0.016260162601626018,0.0,0.0,0.0,0.0,0.0,0.0,0.0,0.0,0.0,0.0,0.0,0.0,0.032520325203252036,0.0,0.032520325203252036,0.0,0.032520325203252036,0.0,0.016260162601626018,0.0,0.0,0.032520325203252036,0.0,0.0,0.0,0.0,0.0,0.0,0.0,0.0,0.024390243902439025,0.0,0.0,0.008130081300813009,0.0,0.0,0.0,0.0,0.0,0.0,0.0,0.0,0.0,0.008130081300813009,0.0,0.0,0.0,0.0,0.0,0.0,0.0,0.0,0.0,0.0,0.0,0.0,0.0,0.0,0.0,0.0,0.0,0.0,0.0,0.0,0.0,0.0,0.0,0.0,0.0,9C
43,0.03731343283582089,0.05970149253731343,0.0,0.022388059701492536,0.029850746268656716,0.007462686567164179,0.007462686567164179,0.007462686567164179,0.029850746268656716,0.0,0.0,0.0,0.0,0.0,0.0,0.0,0.08955223880597014,0.0,0.08208955223880597,0.007462686567164179,0.0,0.029850746268656716,0.0,0.0,0.014925373134328358,0.014925373134328358,0.0,0.0,0.0,0.0,0.014925373134328358,0.029850746268656716,0.014925373134328358,0.0,0.0,0.007462686567164179,0.0,0.022388059701492536,0.022388059701492536,0.014925373134328358,0.0,0.0,0.0,0.0,0.0,0.014925373134328358,0.0,0.0,0.007462686567164179,0.0,0.0,0.0,0.014925373134328358,0.0,0.0,0.007462686567164179,0.0,0.04477611940298507,0.04477611940298507,0.0,0.022388059701492536,0.0,0.007462686567164179,0.0,0.0,0.0,0.0,0.0,0.0,0.0,0.0,0.0,0.0,0.014925373134328358,0.0,0.0,0.0,0.0,0.0,0.0,0.0,0.014925373134328358,0.0,0.007462686567164179,0.029850746268656716,0.0,0.08208955223880597,0.007462686567164179,0.05223880597014925,0.0,0.0,0.0,0.0,0.007462686567164179,0.0,0.0,0.0,0.0,0.007462686567164179,0.0,0.0,0.0,0.0,0.007462686567164179,0.0,0.0,0.007462686567164179,0.0,0.0,0.0,0.0,0.0,0.0,0.0,0.0,0.0,0.0,0.0,0.0,0.0,0.0,0.0,0.0,0.0,0.0,0.0,0.014925373134328358,0.0,0.0,0.0,0.0,0.0,0.0,0.0,0.0,0.014925373134328358,0.0,0.0,0.0,0.0,0.0,9D
44,0.023529411764705882,0.058823529411764705,0.0058823529411764705,0.0,0.0058823529411764705,0.011764705882352941,0.0058823529411764705,0.0058823529411764705,0.041176470588235294,0.01764705882352941,0.0,0.0,0.0,0.0,0.0,0.0,0.047058823529411764,0.0,0.03529411764705882,0.0058823529411764705,0.0058823529411764705,0.023529411764705882,0.011764705882352941,0.0,0.0,0.01764705882352941,0.0,0.0,0.0,0.023529411764705882,0.0,0.011764705882352941,0.023529411764705882,0.0,0.0,0.01764705882352941,0.01764705882352941,0.029411764705882353,0.01764705882352941,0.023529411764705882,0.0,0.0,0.0,0.0,0.0,0.0,0.0,0.0,0.01764705882352941,0.0,0.0,0.011764705882352941,0.01764705882352941,0.0,0.0,0.0,0.0,0.03529411764705882,0.011764705882352941,0.0,0.03529411764705882,0.01764705882352941,0.0,0.0,0.03529411764705882,0.0,0.0,0.0,0.0,0.0,0.0,0.0058823529411764705,0.0,0.011764705882352941,0.0,0.0,0.0,0.0,0.011764705882352941,0.0,0.0,0.0058823529411764705,0.0,0.0058823529411764705,0.011764705882352941,0.0,0.052941176470588235,0.0,0.023529411764705882,0.0,0.0,0.0,0.0,0.11764705882352941,0.0,0.0,0.0,0.0,0.0,0.0,0.0,0.0,0.011764705882352941,0.0,0.0,0.0,0.0,0.0,0.0,0.0,0.0,0.0,0.0,0.0,0.0,0.0,0.0,0.011764705882352941,0.047058823529411764,0.0,0.0,0.0,0.0,0.0,0.0,0.0,0.011764705882352941,0.0,0.0,0.0,0.0,0.0,0.0,0.0,0.0,0.0,0.0,0.0,0.0,0.0,0.0,9E
45,0.04242424242424243,0.04242424242424243,0.006060606060606061,0.04242424242424243,0.048484848484848485,0.012121212121212121,0.012121212121212121,0.0,0.03636363636363636,0.1696969696969697,0.0,0.0,0.006060606060606061,0.0,0.0,0.0,0.06666666666666667,0.0,0.048484848484848485,0.0,0.0,0.006060606060606061,0.01818181818181818,0.0,0.012121212121212121,0.0,0.0,0.0,0.0,0.0,0.012121212121212121,0.01818181818181818,0.012121212121212121,0.006060606060606061,0.0,0.0,0.006060606060606061,0.024242424242424242,0.0,0.030303030303030304,0.0,0.04242424242424243,0.0,0.0,0.006060606060606061,0.0,0.006060606060606061,0.0,0.0,0.0,0.0,0.006060606060606061,0.0,0.01818181818181818,0.0,0.0,0.0,0.006060606060606061,0.048484848484848485,0.0,0.0,0.0,0.0,0.0,0.0,0.006060606060606061,0.0,0.012121212121212121,0.0,0.0,0.012121212121212121,0.0,0.0,0.024242424242424242,0.006060606060606061,0.0,0.0,0.0,0.0,0.0,0.0,0.012121212121212121,0.0,0.0,0.006060606060606061,0.0,0.07272727272727272,0.0,0.0,0.0,0.0,0.0,0.0,0.006060606060606061,0.0,0.0,0.0,0.0,0.0,0.0,0.0,0.0,0.012121212121212121,0.0,0.0,0.0,0.0,0.0,0.0,0.0,0.0,0.0,0.0,0.0,0.0,0.0,0.0,0.0,0.0,0.006060606060606061,0.0,0.0,0.0,0.0,0.0,0.0,0.0,0.0,0.0,0.0,0.0,0.0,0.0,0.0,0.0,0.0,0.012121212121212121,0.0,0.0,0.0,0.0,10A
46,0.02054794520547945,0.0547945205479452,0.0,0.0,0.0684931506849315,0.00684931506849315,0.02054794520547945,0.0,0.0136986301369863,0.1095890410958904,0.0,0.0,0.0,0.0,0.0,0.0,0.04794520547945205,0.0,0.11643835616438356,0.0,0.0,0.0136986301369863,0.0,0.0,0.03424657534246575,0.02054794520547945,0.00684931506849315,0.0,0.0,0.0,0.0,0.0,0.0,0.00684931506849315,0.0,0.00684931506849315,0.0,0.03424657534246575,0.0,0.0,0.0,0.0,0.0,0.0,0.0,0.0,0.02054794520547945,0.0,0.0,0.0,0.0,0.0,0.0,0.00684931506849315,0.0,0.0,0.0273972602739726,0.03424657534246575,0.0547945205479452,0.0,0.0,0.0,0.0,0.0136986301369863,0.0,0.0,0.0,0.0,0.0,0.0,0.0,0.0,0.0,0.0136986301369863,0.00684931506849315,0.0,0.0,0.0,0.0,0.0,0.0,0.0410958904109589,0.0,0.0,0.0,0.0,0.0273972602739726,0.0,0.0,0.0,0.0,0.0,0.15753424657534246,0.00684931506849315,0.0,0.0,0.0,0.0,0.0,0.0,0.0,0.0,0.0,0.0,0.0,0.0,0.0,0.0,0.0,0.0,0.0,0.0,0.0,0.0,0.0,0.0,0.0,0.0,0.0,0.0,0.0,0.0,0.0,0.0,0.0,0.0,0.0,0.0,0.0,0.0,0.0,0.0,0.0,0.0,0.0,0.0,0.0,0.00684931506849315,0.0,0.0,0.0,10B
47,0.045112781954887216,0.09774436090225563,0.007518796992481203,0.0,0.03759398496240601,0.007518796992481203,0.03007518796992481,0.0,0.045112781954887216,0.10526315789473684,0.0,0.0,0.0,0.0,0.0,0.0,0.045112781954887216,0.0,0.09774436090225563,0.0,0.0,0.022556390977443608,0.0,0.0,0.015037593984962405,0.0,0.0,0.0,0.0,0.0,0.015037593984962405,0.0,0.022556390977443608,0.0,0.0,0.022556390977443608,0.0,0.007518796992481203,0.007518796992481203,0.007518796992481203,0.0,0.0,0.0,0.0,0.0,0.0,0.03007518796992481,0.0,0.0,0.0,0.0,0.0,0.0,0.03007518796992481,0.0,0.007518796992481203,0.0,0.05263157894736842,0.03007518796992481,0.0,0.0,0.0,0.0,0.0,0.0,0.0,0.0,0.0,0.0,0.0,0.03007518796992481,0.03007518796992481,0.0,0.0,0.0,0.0,0.0,0.0,0.0,0.0,0.0,0.0,0.0,0.0,0.0,0.0,0.03007518796992481,0.0,0.0,0.0,0.0,0.0,0.03007518796992481,0.06015037593984962,0.0,0.0,0.0,0.0,0.0,0.0,0.007518796992481203,0.0,0.007518796992481203,0.0,0.0,0.0,0.0,0.0,0.0,0.0,0.0,0.0,0.0,0.0,0.0,0.0,0.0,0.0,0.0,0.0,0.0,0.0,0.0,0.0,0.0,0.0,0.0,0.0,0.0,0.0,0.0,0.0,0.0,0.0,0.0,0.0,0.0,0.0,0.007518796992481203,0.007518796992481203,0.0,10C
48,0.01485148514851485,0.17326732673267325,0.0,0.0,0.04455445544554455,0.0049504950495049506,0.019801980198019802,0.0,0.034653465346534656,0.08415841584158416,0.0,0.0,0.0,0.0,0.0,0.0,0.04455445544554455,0.0,0.07920792079207921,0.0,0.0,0.0,0.0049504950495049506,0.0,0.024752475247524754,0.0049504950495049506,0.0,0.0,0.0,0.0,0.019801980198019802,0.009900990099009901,0.009900990099009901,0.0,0.0,0.0,0.0,0.04455445544554455,0.0049504950495049506,0.01485148514851485,0.0,0.019801980198019802,0.039603960396039604,0.0,0.0,0.0049504950495049506,0.009900990099009901,0.0,0.0,0.0,0.0049504950495049506,0.0049504950495049506,0.0049504950495049506,0.019801980198019802,0.0,0.024752475247524754,0.0,0.024752475247524754,0.019801980198019802,0.0,0.0,0.0,0.0,0.0049504950495049506,0.0,0.0,0.0,0.0,0.0,0.0,0.019801980198019802,0.0297029702970297,0.0,0.0,0.0049504950495049506,0.0,0.0,0.0,0.0,0.0,0.0,0.009900990099009901,0.0,0.0,0.0,0.0,0.01485148514851485,0.0,0.0,0.0,0.0,0.0049504950495049506,0.0594059405940594,0.01485148514851485,0.0,0.0,0.0,0.0,0.0,0.0,0.0,0.0,0.0,0.0,0.0,0.0,0.0,0.0,0.0,0.0,0.0,0.0,0.0,0.0,0.0,0.0,0.0,0.0,0.0,0.0,0.0,0.0,0.0,0.0,0.0,0.0,0.0,0.0,0.0,0.0,0.0,0.0,0.0,0.0,0.0,0.0,0.0,0.0,0.0,0.01485148514851485,0.0049504950495049506,10D
49,0.05612244897959184,0.07653061224489796,0.01020408163265306,0.030612244897959183,0.02040816326530612,0.0,0.01020408163265306,0.0,0.015306122448979591,0.05102040816326531,0.0,0.0,0.0,0.0,0.0,0.0,0.04081632653061224,0.04591836734693878,0.025510204081632654,0.00510204081632653,0.0,0.01020408163265306,0.0,0.00510204081632653,0.025510204081632654,0.04591836734693878,0.0,0.0,0.015306122448979591,0.00510204081632653,0.015306122448979591,0.025510204081632654,0.02040816326530612,0.0,0.030612244897959183,0.02040816326530612,0.0,0.030612244897959183,0.0,0.00510204081632653,0.015306122448979591,0.015306122448979591,0.025510204081632654,0.0,0.0,0.00510204081632653,0.0,0.0,0.02040816326530612,0.015306122448979591,0.0,0.00510204081632653,0.02040816326530612,0.01020408163265306,0.015306122448979591,0.00510204081632653,0.0,0.02040816326530612,0.01020408163265306,0.0,0.00510204081632653,0.0,0.00510204081632653,0.00510204081632653,0.0,0.0,0.0,0.0,0.0,0.0,0.02040816326530612,0.0,0.0,0.0,0.0,0.0,0.00510204081632653,0.0,0.0,0.0,0.0,0.015306122448979591,0.0,0.01020408163265306,0.0,0.0,0.02040816326530612,0.00510204081632653,0.0,0.0,0.0,0.0,0.0,0.04591836734693878,0.0,0.0,0.0,0.0,0.02040816326530612,0.0,0.0,0.0,0.00510204081632653,0.0,0.0,0.0,0.0,0.0,0.0,0.0,0.0,0.0,0.0,0.0,0.0,0.0,0.0,0.0,0.0,0.0,0.0,0.0,0.0,0.0,0.0,0.0,0.0,0.0,0.0,0.0,0.0,0.0,0.0,0.0,0.0,0.0,0.0,0.0,0.0,0.01020408163265306,0.0,10E
